ID,#_Shazam_fr,#_votes_itunes,Artiste,Duree,Genre,Note_Moyenne_itunes,Sortie,Title
222592,2662597,-,Sinéad O'Connor,1,Pop,-,8 janv. 1990,Nothing Compares 2 U
10072077,2157136,-,Fat Joe Feat. Ashanti,1,Hip-hop/Rap,-,3 déc. 2001,What's Luv?
442303160,17057,6,LP,4,Alternative,4.5,-,Recovery
83147960,16836908,87,OneRepublic,4,Pop,4.6,22 mars 2013,Counting Stars
52852094,1099069,19,Rock Mafia,2,Pop,4.9,29 oct. 2010,The Big Bang
142033293,1510173,-,Phil Collins,4,Rock,-,1 févr. 1981,In The Air Tonight
5239328,951400,6,ABBA,5,Pop,5.0,23 avr. 1979,Gimme! Gimme! Gimme! (A Man After Midnight)
429624819,57649,-,Sadek,2,Hip-hop/Rap,-,29 juin 2018,Bep Bep
382041456,455106,-,Abou Debeing,3,Hip-hop/Rap,-,5 nov. 2017,C'est Pas Bon
441085916,7570,-,Roman Kouder Feat. Josh Tobias,-,-,-,-,Rush (Extended Version)
10039275,930710,-,Ryan Paris,4,Musiques du monde,-,11 avr. 2000,Dolce Vita
20124846,4644365,-,OutKast,2,Hip-hop/Rap,-,23 sept. 2003,Hey Ya!
410539721,12198,-,Nesly,5,Musiques du monde,-,27 avr. 2018,Venus
2937204,2479269,-,Robert Miles,1,Dance,-,6 juil. 1996,Children
228976412,2204084,5,Lord Huron,5,Alternative,4.8,7 avr. 2015,The Night We Met
310435082,12705464,16,The Chainsmokers Feat. Daya,1,Dance,3.9,4 nov. 2016,Don't Let Me Down
337807025,12839356,129,Luis Fonsi Feat. Daddy Yankee,3,Pop en espagnol,3.4,13 janv. 2017,Despacito
5171112,1505364,45,Michael Jackson,2,Pop,4.8,18 juin 1995,They Don't Care About Us
215828,3958149,-,Shaggy Feat. Ricardo Ducent,5,Pop,-,8 août 2000,It Wasn't Me
381328898,1447806,-,Balti Feat. Hamouda,3,Hip-hop/Rap,-,7 nov. 2017,Ya Lili
48796740,9131124,-,Edward Maya & Vika Jigulina,5,Pop,-,15 juil. 2013,Stereo Love
10101855,2350658,-,Guns N' Roses,1,Rock,-,17 sept. 1991,Knockin' On Heaven's Door
440807214,74282,205,Lady Gaga,1,Bande originale,4.7,5 oct. 2018,Is That Alright?
445128595,2855,19,Camélia Jordana,4,Variété française,3.3,9 nov. 2018,Dhaouw
234042,2525169,15,OutKast,1,Hip-hop/Rap,4.1,23 oct. 2000,Ms. Jackson
124931322,943216,24,Synapson Feat. Victor Démé,1,Électronique,4.3,16 oct. 2015,DJon Maya Maï
50513993,339805,43,Klaas,1,Dance,4.8,19 avr. 2010,Our Own Way (Original Mix Edit)
433511728,41522,-,MC L Da Vinte Feat. MC Gury,2,Baile funk,-,23 juil. 2018,Parado No Bailão (Remix)
102161433,4162932,1,Indila,4,Variété française,4.3,1 janv. 2014,Dernière Danse
10525823,40870,-,The Magnetic Fields,2,Rock,-,7 sept. 1999,All My Little Words
241542,2826106,-,Irene Cara,4,Pop,-,1 janv. 2008,Flashdance (What A Feeling)
10002705,5439210,-,Puff Daddy Feat. Faith Evans & 112,5,Hip-hop/Rap,-,31 déc. 1996,I'll Be Missing You
382240629,135629,-,Vladimir Cauchemar,3,Électronique,-,4 déc. 2017,Aulos (Club Mix)
406085553,3157573,7,Sean Paul & David Guetta Feat. Becky G,3,Reggae,4.6,16 févr. 2018,Mad Love
40304424,335921,-,The Servant,3,Pop/Rock,-,31 déc. 2002,Orchestra
238609,2978111,-,Counting Crows,1,Alternative,-,14 sept. 1993,Mr. Jones
432186676,520986,-,Tyga,3,Hip-hop/Rap,-,25 juil. 2018,Swish
293477225,8117622,1,Adele,4,Pop,4.3,20 nov. 2015,Hello
432851826,86617,7,"Sofiane, Mac Tyer, Sadek, Vald, Kalash Criminel, Soolking & Heuss L’enfoiré",4,Hip-hop/Rap,3.4,27 juil. 2018,Woah
341462276,5854914,11,Katy Perry Feat. Skip Marley,1,Pop,4.9,9 juin 2017,Chained To The Rhythm
5172385,1916716,-,Shania Twain,5,Country,-,4 nov. 1997,Man! I Feel Like A Woman!
411948988,60613,-,Joe Dwet File,3,R&B/Soul,-,10 avr. 2018,#Tpm
239201,2721518,-,Depeche Mode,1,Rock,-,19 mars 1990,Enjoy The Silence
613857,1587134,-,Blondie,2,Rock,-,1 févr. 1980,Call Me
52384642,4877109,543,Eminem Feat. Rihanna,1,Hip-hop/Rap,4.6,18 juin 2010,Love The Way You Lie
378885510,16197,-,Lewis Capaldi,1,Alternative,-,20 oct. 2017,Mercy
20127640,1831762,20,Aventura,4,Salsa et tropiques,4.7,2 juil. 2002,Obsesión
227012,2190540,-,Bangles,4,Pop,-,18 oct. 1988,Eternal Flame
436934650,12617,263,Mylène Farmer,4,Variété française,4.3,28 sept. 2018,Sentimentale
20104331,438042,15,Laura Pausini,4,Pop,4.5,1 janv. 1993,La Solitudine
315339255,7103923,19,Deorro Feat. Elvis Crespo,2,Dance,4.9,22 avr. 2016,Bailar
279532,2036583,-,Steppenwolf,4,Rock,-,1 mai 1968,Born To Be Wild
445475493,239743,-,P!nk,4,Pop,-,16 nov. 2018,A Million Dreams
220500,1823115,-,Queen,1,Rock,-,27 févr. 1984,I Want To Break Free
44650349,567698,29,AaRON,1,Alternative,4.9,29 janv. 2007,U-Turn (Lili)
45121237,3156524,30,Kanye West,9,Hip-hop/Rap,4.6,1 janv. 2007,Stronger
40169802,967061,-,Syntax,1,Bande originale,-,15 juin 2004,Pride
413168592,1326612,5,Billie Eilish & Khalid,3,Alternative,4.8,19 avr. 2018,Lovely
217631,2130285,-,The Offspring,4,Rock,-,17 nov. 1998,The Kids Aren't Alright
231843,2477146,54,Supertramp,4,Rock,4.7,29 mars 1979,The Logical Song
42046367,4857816,-,Gnarls Barkley,5,Rock,-,31 mars 2006,Crazy
258727,1944080,-,Lou Reed,3,Rock,-,31 déc. 1974,Walk On The Wild Side
330541,2308531,-,Berlin,1,Rock,-,11 juin 2009,Take My Breath Away
417628,1139961,14,George Benson,4,Jazz,4.6,9 août 1980,Give Me The Night
49930123,583403,13,Sean Paul,1,Pop,4.5,18 août 2009,Hold My Hand
53863883,6530876,865,Rihanna Feat. Calvin Harris,5,Pop,4.1,18 nov. 2011,We Found Love
233890,1836382,5,UB40,1,Rock,4.8,9 nov. 2000,Kingston Town
430661212,239664,-,Lola Indigo,3,Pop,-,20 juil. 2018,Ya No Quiero Ná
53080366,8535463,99,Adele,9,Pop,4.6,19 janv. 2011,Someone Like You
443035339,10794,-,Maes,3,Hip-hop/Rap,-,12 oct. 2018,Avenue Montaigne
473770,961332,-,Nick Cave & The Bad Seeds,1,Rock,-,18 avr. 1994,Red Right Hand
326216,3105688,7,Alphaville,4,Pop,3.9,27 sept. 1984,Forever Young
41748215,5315220,-,The Fray,3,Rock,-,8 mars 2013,How To Save A Life
315646975,11542955,57,Drake Feat. WizKid & Kyla,2,Hip-hop/Rap,4.8,5 avr. 2016,One Dance
324194713,10467276,128,DJ Snake Feat. Justin Bieber,5,Dance,4.6,5 août 2016,Let Me Love You
441268776,75104,-,Wizkid,4,Musiques du monde,-,30 sept. 2018,Fever
317657806,2660278,-,Two Feet,1,Alternative,-,29 juil. 2016,Go F**k Yourself
358488470,2501859,10,Martin Solveig Feat. ALMA,2,Dance,3.1,16 juin 2017,All Stars
401662568,3951719,13,Liam Payne & Rita Ora,5,Pop,4.8,23 nov. 2018,For You (Fifty Shades Freed)
406670358,605020,26,Muse,3,Alternative,4.9,15 févr. 2018,Thought Contagion
406101796,2165829,-,Reik Feat. Ozuna & Wisin,3,Urban latin,-,16 févr. 2018,Me Niego
89205235,3605840,6,Daft Punk Feat. Julian Casablancas,1,Pop,4.2,17 mai 2013,Instant Crush
257829,1061647,-,The Beach Boys,-,-,-,-,Wouldn't It Be Nice
437766297,428018,19,Avril Lavigne,3,Pop,4.9,19 sept. 2018,Head Above Water
442259846,199079,-,Nicky Jam & Steve Aoki,2,Urban latin,-,5 oct. 2018,Jaleo
219952,2132253,-,Queen,3,Rock,-,28 oct. 1977,We Will Rock You
437541324,95078,119,SCH,1,Hip-hop/Rap,4.4,19 oct. 2018,Otto
2988610,386075,-,Fat Larry's Band,2,R&B/Soul,-,1 janv. 1982,Act Like You Know
5161814,927516,30,Usher,5,R&B/Soul,4.7,7 août 2001,U Remind Me
5188800,988154,8,Will Smith,5,Hip-hop/Rap,4.8,25 nov. 1997,Miami
42968726,877381,-,DHT,4,Dance,-,19 juil. 2005,Listen To Your Heart (Edmee's Unplugged Vocal Edit)
264349780,1360358,24,Synapson Feat. Anna Kova,1,Électronique,4.3,16 oct. 2015,All In You
44340860,763296,-,Sean Paul Feat. Keyshia Cole,1,Reggae,-,26 sept. 2005,Give It Up To Me (When You Gonna;Radio Version)
393359,1578502,-,Baltimora,3,Rock,-,31 déc. 1984,Tarzan Boy
10272901,150458,-,Charles Aznavour,-,-,-,-,Parce Que Tu Crois
40481742,824991,-,Nick Cave & The Bad Seeds,1,Rock,-,20 sept. 2004,O Children
376872230,775815,110,P!nk,5,Pop,4.5,13 oct. 2017,Whatever You Want
44202237,1729638,6,Nelly Furtado Feat. Timbaland,1,Pop,4.7,1 janv. 2006,Promiscuous
580917,2427887,-,Earth & Wind & Fire,3,Pop,-,9 juin 1979,Boogie Wonderland
441869447,6721,-,Adrien Toma & Nessryne,2,Dance,-,5 oct. 2018,Line
51178858,4518358,280,Kid Cudi Feat. MGMT & Ratatat,6,Hip-hop/Rap,4.4,1 janv. 2012,Pursuit Of Happiness (Steve Aoki Remix)
262312,4614858,-,Haddaway,5,Pop,-,29 nov. 1993,What Is Love
443470857,193877,-,Billie Eilish,3,Alternative,-,17 oct. 2018,When The Party's Over
45610462,331135,53,Indochine,2,Rock,4.3,15 nov. 1982,L'aventurier
56889660,11684309,438,Imagine Dragons,5,Alternative,4.7,4 sept. 2012,Radioactive
93723588,8014654,655,Avicii,5,House,4.6,17 sept. 2013,Hey Brother
238576,2373979,-,Bon Jovi,4,Rock,-,18 août 1986,You Give Love A Bad Name
409063111,805375,44,L'Algérino,4,Hip-hop/Rap,3.2,22 juin 2018,Va Bene
321859081,8570937,18,Twenty One Pilots,2,Alternative,4.7,20 déc. 2016,Heathens
340771912,1173471,196,Dadju,1,R&B/Soul,4.5,24 nov. 2017,Reine
10516678,2429298,5,Whitney Houston,5,R&B/Soul,5.0,1 juin 1987,I Wanna Dance With Somebody (Who Loves Me)
11244911,3830252,-,Michael Andrews Feat. Gary Jules,3,Bande originale,-,2 avr. 2002,Mad World
428841446,68800,-,Landy,3,Hip-hop/Rap,-,20 juin 2018,Mytho
322920790,740226,119,Shay,3,Hip-hop/Rap,4.0,2 déc. 2016,Pmw
445377507,128136,-,DaniLeigh Feat. Lil Baby,2,Hip-hop/Rap,-,2 nov. 2018,Lil Bebe (Remix)
332438269,15618487,17,Clean Bandit Feat. Sean Paul & Anne-Marie,4,Dance,4.6,21 oct. 2016,Rockabye
349501879,11023643,83,Charlie Puth,4,Pop,4.7,11 mai 2018,Attention
371708228,302624,7,Oliver Koletzki & Jimmy Sax,6,Électronique,5.0,30 août 2017,No Man No Cry (Jimmy Sax Version)
53464420,1090,-,Eliza Carthy,-,-,-,-,Hansel (Beadcrumbs)
357149358,4322754,22,Dua Lipa,1,Pop,4.6,2 juin 2017,IDGAF
381244519,2210351,7,Maluma Feat. Nego Do Borel,5,Urban latin,4.9,18 mai 2018,Corazón
258585,3290856,-,Smash Mouth,4,Alternative,-,30 août 1990,All Star
441177297,84366,5,MØ,4,Pop,5.0,19 oct. 2018,Blur
233522,1957511,-,Donna Summer,1,R&B/Soul,-,25 avr. 1979,Hot Stuff
413058807,866289,9,J Balvin,4,Urban latin,4.3,25 mai 2018,No Es Justo
448415872,1709,-,Sound Of Legend,2,Dance,-,9 nov. 2018,Hold That Sucker Down (Triade Remix)
425306862,63181,-,ROSALÍA,3,Pop,-,24 juil. 2018,Pienso En Tu Mirá (Cap.3: Celos)
5115393,2567631,-,Creedence Clearwater Revival,4,Rock,-,2 nov. 1969,Fortunate Son
263013345,10832833,36,Lost Frequencies Feat. Janieck Devy,2,Électronique,4.5,11 mai 2015,Reality
334921069,8239595,20,Ofenbach,2,Électronique,4.0,25 nov. 2016,Be Mine
434091661,18951,-,Vaudou Game,8,Afrobeat,-,14 sept. 2018,Tata Fatiguée
220193,2743407,5,Bill Withers,3,R&B/Soul,3.8,1 mai 1971,Ain't No Sunshine
86908963,12219298,-,Klingande,4,Électronique,-,30 juin 2015,Jubel
384702089,48817,-,Kokoroko,5,Jazz contemporain,-,9 févr. 2018,Abusey Junction
90609969,867621,-,Robin Thicke Feat. Pharrell,5,Pop,-,12 juil. 2013,Blurred Lines (No Rap Version)
5703628,3753926,-,Modjo,5,Pop,-,18 sept. 2001,Lady (Hear Me Tonight)
20093181,2686581,-,Keane,1,Rock,-,1 janv. 2004,Everybody's Changing
408846011,49897,-,Biwai,3,Hip-hop/Rap,-,13 avr. 2018,Copacabana
5168153,2441124,18,Alicia Keys,1,R&B/Soul,4.0,5 juin 2001,Fallin'
260831498,7419760,212,Twenty One Pilots,5,Alternative,4.8,17 mai 2015,Ride
444703242,43805,-,DJ Palacios,3,Latino,-,19 oct. 2018,MIA
76223190,8950879,847,Bruno Mars,3,Pop,4.4,7 déc. 2012,When I Was Your Man
5220968,2053389,-,Fine Young Cannibals,3,Pop,-,1 janv. 1988,She Drives Me Crazy
411604626,46456,70,Ninho,4,Hip-hop/Rap,4.6,30 mars 2018,Fendi
416897655,16296,-,Maesic & Lucas Marx,1,Électronique,-,8 juin 2018,There In The Morning
373808334,1204660,104,U2,1,Rock,3.8,1 déc. 2017,You’re The Best Thing About Me
417290316,63598,-,Koba LaD,1,Hip-hop/Rap,-,11 mai 2018,Ténébreux #1
449190011,37318,-,J Balvin,2,Urban latin,-,17 nov. 2018,Reggaeton
52863252,3986694,14,Diddy & Dirty Money Feat. Skylar Grey,1,Hip-hop/Rap,4.2,1 janv. 2010,Coming Home
5303872,1351156,-,Modern Talking,3,Pop,-,31 déc. 1984,"You're My Heart, You're My Soul"
425081521,160933,-,Gente De Zona,3,Salsa et tropiques,-,6 juin 2018,Te Duele
442166253,905,-,Orchestre Lamoureux,-,-,-,-,Baby I'm Yours (Orchestral Version)
45758072,3593376,-,MGMT,2,Alternative,-,30 août 2005,Kids
45597819,303328,6,Elton John,1,Pop,5.0,30 mai 1983,I'm Still Standing
5397968,859168,19,The Supermen Lovers,2,Électronique,4.9,3 sept. 2001,Starlight
361467774,1238400,6,Purple Disco Machine Feat. Joe Killington & Duane Harden,1,Dance,3.8,20 oct. 2017,Devil In Me
334379920,5913390,28,Childish Gambino,4,R&B/Soul,4.4,2 déc. 2016,Redbone
49498356,369766,147,Pony Pony Run Run,3,Alternative,4.6,31 mars 2009,Hey You
445146937,6648,151,Aya Nakamura Feat. Davido,3,R&B/Soul,3.5,2 nov. 2018,Gang
47739050,1479858,24,Jeremih,5,R&B/Soul,4.7,30 juin 2009,Birthday Sex
362862920,124594,-,Mat Bastard,2,Pop,-,30 juin 2017,Stand As One (Le Temps N'attend Personne;Edit)
430097701,37012,7,Columbine,3,Hip-hop/Rap,5.0,6 juil. 2018,Cache-Cache
369167893,2438938,-,Chris Brown Feat. Yo Gotti & A Boogie Wit da Hoodie & Kodak Black,4,R&B/Soul,-,4 août 2017,Pills & Automobiles
20146128,1261689,116,Usa For Africa,7,Rock,4.8,7 mars 1985,We Are The World
2882117,1159815,-,Status Quo,1,Rock,-,20 oct. 1979,Whatever You Want
40306113,427103,47,Louise Attaque,3,Rock,4.3,6 mars 1998,J't'emmène Au Vent
420157944,82347,-,Jolem Sanchez,1,Modern Dancehall,-,15 mai 2018,Comme À La Maison (Explicit)
437684930,5757,-,"M. Fischer, Solid Texture & RHz",3,Dance,-,14 sept. 2018,Won't Forget You
50137340,48374,8,Zaho,1,Pop,4.1,10 mars 2008,Je Te Promets (Edit Radio)
442659251,12104,-,Mayra Andrade,4,Musiques du monde,-,12 oct. 2018,Afeto
49967701,4388762,500,The XX,4,Alternative,4.7,14 août 2009,Intro
87759269,1171951,6,Disclosure Feat. Eliza Doolittle,4,Électronique,3.8,28 avr. 2013,You & Me
435522461,97338,-,Jerry On The Internet,9,Hip-hop/Rap,-,11 août 2018,Don't Ask Me About My Bread
45677393,553449,-,Century,1,Pop,-,7 janv. 2012,Lover Why
268853,2434984,-,The Clash,4,Punk,-,14 mai 1982,Should I Stay Or Should I Go
412371,1734229,-,Mike Oldfield,2,Rock,-,1 janv. 2012,Moonlight Shadow
428176803,343920,-,Martin Solveig,3,Dance,-,29 juin 2018,My Love
410027466,1017049,-,Flipp Dinero,3,Hip-hop/Rap,-,4 sept. 2018,Leave Me Alone
426818470,906002,-,Shakira & Maluma,3,Pop en espagnol,-,8 juin 2018,Clandestino
52870017,8732743,75,Adele,1,Pop,4.7,16 janv. 2011,Rolling In The Deep
53055596,1553443,241,Lykke Li,4,Alternative,4.2,28 févr. 2010,I Follow Rivers
314133,1426727,-,Wet Wet Wet,4,Pop,-,1 janv. 1995,Love Is All Around
427020198,10243,10,DJ Sem Feat. Caroliina & Sadek,1,R&B/Soul,5.0,22 juin 2018,Amigo
445146930,5811,151,Aya Nakamura,3,R&B/Soul,3.5,2 nov. 2018,Whine Up
416653579,544255,-,Tory Lanez & Rich The Kid,4,Hip-hop/Rap,-,26 oct. 2018,Talk To Me
417263797,109297,26,Vegedream,5,R&B/Soul,3.9,27 juil. 2018,Mama He
444691823,4484,5,Kofs,4,Hip-hop/Rap,5.0,16 nov. 2018,Je Saigne
240818,1206789,-,Marvin Gaye,3,R&B/Soul,-,26 août 1968,I Heard It Through The Grapevine
309638034,2037592,32,Michael Kiwanuka,5,R&B/Soul,4.3,15 juil. 2016,Cold Little Heart
404482122,5194073,28,Drake,1,Hip-hop/Rap,4.1,29 juin 2018,God's Plan
10314010,1846289,22,Metallica,1,Metal,4.9,12 août 1991,Enter Sandman
219788,2061824,19,Elton John,1,Pop,4.7,22 oct. 1976,Sorry Seems To Be The Hardest Word
334552,374028,-,Roger Glover,4,Rock,-,27 mai 1974,Love Is All
52657663,5261294,-,Lucenzo Feat. Don Omar,1,Urban latin,-,16 nov. 2010,Danza Kuduro
358314842,130060,-,HUGEL,3,Dance,-,16 juin 2017,Baby
309338134,628123,37,Jorja Smith,4,R&B/Soul,4.9,8 juin 2018,Blue Lights
375667315,1194884,5,Kalash Feat. Damso,1,Hip-hop/Rap,4.0,13 oct. 2017,Mwaka Moon
53922736,3972133,-,Azealia Banks Feat. Lazy Jay,1,Hip-hop/Rap,-,28 mai 2012,212
443516860,9066,90,Soolking,4,Hip-hop/Rap,4.3,2 nov. 2018,Youv
323476,759919,-,Jocelyn Brown,1,R&B/Soul,-,1 oct. 1984,Somebody Else's Guy
447543031,31927,-,Adelphoi Music,4,R&B/Soul,-,18 oct. 1980,Can You Feel It (The Jacksons Cover)
441178018,137132,75,Muse,1,Alternative,4.1,9 nov. 2018,Pressure
5252959,1427639,-,Stevie Wonder,4,R&B/Soul,-,21 mai 1985,Part-Time Lover
448416354,5344,-,DA Uzi,3,Hip-hop/Rap,-,9 nov. 2018,La Vraie Vie
407538682,2205154,11,DJ Snake,3,Dance,4.3,23 févr. 2018,Magenta Riddim
445880683,1420,-,Lewis Capaldi,3,Alternative,-,2 nov. 2018,Grace (Acoustic)
444923655,407899,-,Ellie Goulding & Diplo Feat. Swae Lee,3,Pop,-,24 oct. 2018,Close To Me
435298618,187910,54,PNL,3,Hip-hop/Rap,4.2,10 août 2018,91's
53662104,22107948,256,Gotye Feat. Kimbra,4,Alternative,4.2,19 août 2011,Somebody That I Used To Know
238145,2387398,25,AC/DC,1,Rock,4.8,27 oct. 1992,Highway To Hell
341219275,9283,-,Don Bryant,3,R&B/Soul,-,12 mai 2017,A Nickel And A Nail
217699,3126460,6,Bryan Adams,1,Rock,4.3,1 janv. 1991,I Do It For You (Everything I Do)
446939318,3652,-,Marnik & SMACK,-,-,-,-,Gam Gam (Extended Mix)
281280602,1866571,10,Møme Feat. Merryn Jeann,1,Électronique,4.9,8 avr. 2016,Aloha
336617526,779866,-,Armin Van Buuren & Vini Vici Feat. Hilight Tribe,3,Dance,-,12 déc. 2016,Great Spirit
328644,2667032,-,Laura Branigan,5,Pop,-,6 juin 1995,Self Control
357904032,5234310,-,CamelPhat & Elderbrook,1,Dance,-,23 juin 2017,Cola (Club Mix)
61496627,21752319,147,Passenger,1,Pop,4.4,24 févr. 2012,Let Her Go
333200,104734,-,Mel Carter,2,R&B/Soul,-,28 mai 1996,"Hold Me, Thrill Me, Kiss Me"
253341,3675769,-,Joan Jett & The Blackhearts,4,Rock,-,18 nov. 1981,I Love Rock N' Roll
412961246,786492,83,Cardi B Feat. Kehlani,4,Hip-hop/Rap,3.5,6 avr. 2018,Ring
230109,3358868,-,Dr. Dre Feat. Snoop Dogg,1,Hip-hop/Rap,-,16 nov. 1999,Still D.R.E.
343283,756451,-,The Korgis,1,Pop,-,5 août 2003,Everybody's Got To Learn Sometime
422888910,140603,44,L'Algérino Feat. Soolking,4,Hip-hop/Rap,3.2,22 juin 2018,Adios
11010880,3495346,5,Nelly Feat. Kelly Rowland,1,R&B/Soul,3.8,22 oct. 2002,Dilemma
433794194,12302,-,Rapaz 100 Juiz Feat. Calema Feat. Calema,4,Pop,-,30 juil. 2018,Preparado
48976670,5358071,145,The Black Eyed Peas,1,Pop,4.3,3 juin 2009,I Gotta Feeling
413993533,1553771,17,El Profesor,2,Dance,4.5,13 avr. 2018,Bella Ciao (Hugel Remix)
96202525,9506358,72,George Ezra,5,Pop,4.1,30 juin 2014,Budapest
49704893,1436171,-,Jay-Z Feat. Rihanna & KanYe West,1,Hip-hop/Rap,-,1 janv. 2009,Run This Town
103201403,20048935,12,Clean Bandit Feat. Jess Glynne,1,Dance,4.7,2 juin 2014,Rather Be
338966616,4008586,13,Ed Sheeran,4,Pop,4.5,3 mars 2017,Castle On The Hill
434055540,11178,-,KSHMR,2,Dance,-,2 nov. 2018,Magic
426957973,128253,-,"Shenseea, Konshens & Rvssian",5,Reggae,-,15 juin 2018,Hard Drive
20112335,3334089,7,Jet,3,Rock,4.9,25 août 2003,Are You Gonna Be My Girl
441377117,76833,5,T.I. Feat. Young Thug,1,Hip-hop/Rap,4.6,5 oct. 2018,The Weekend
227351,5726028,-,The Verve,5,Pop,-,29 sept. 1997,Bitter Sweet Symphony
238155477,8512334,-,Matt Simons,4,Alternative,-,18 sept. 2015,Catch & Release (Deepend Remix)
443939864,20984,-,Naza Feat. KeBlack,9,Hip-hop/Rap,-,19 oct. 2018,On T'a Dit (Pbo)
441700649,18448,-,Jimilian Feat. 6ix9ine,2,Hip-hop/Rap,-,5 oct. 2018,Kick
45264120,185823,32,Michel Sardou,3,Variété française,4.3,1 sept. 1981,Les Lacs Du Connemara
411118,969340,-,The Whispers,1,R&B/Soul,-,1 janv. 1979,And The Beat Goes On
441445199,8301,-,Kamaleon,3,Pop,-,5 oct. 2018,Calor
274182433,8176770,29,Robin Schulz Feat. Francesco Yates,1,Dance,4.2,25 sept. 2015,Sugar
444419079,22502,69,"Gringe Feat. Orelsan, Vald & Suikon Blaz AD",5,Hip-hop/Rap,4.7,2 nov. 2018,Qui Dit Mieux
337165736,958975,-,Stefflon Don,3,Hip-hop/Rap,-,16 déc. 2016,16 Shots
52332325,502113,6,Guillaume Grand,4,R&B/Soul,4.8,1 sept. 2010,Toi Et Moi
40582512,156643,-,Nas,1,Pop,-,30 nov. 2004,Bridging The Gap
261497,3283504,-,Gloria Gaynor,1,Pop,-,1 nov. 1994,I Will Survive
447608488,8803,-,Known,2,Hip-hop/Rap,-,3 nov. 2018,Get Your Money Up
296831279,11346579,709,Justin Bieber,1,Pop,4.5,13 nov. 2015,Love Yourself
258114,2309657,-,The Moody Blues,1,Rock,-,9 mars 1993,Nights In White Satin
366278601,17678,-,Blue Hawaii,4,Électronique,-,6 oct. 2017,No One Like You
445091845,5617,6,Kery James,4,Hip-hop/Rap,4.5,22 oct. 2018,J'rap Encore
406020516,3002494,-,Sofia Reyes Feat. Jason Derulo & De La Ghetto,3,Latino,-,16 févr. 2018,"1, 2, 3"
263104,1138016,-,Diana Ross,2,R&B/Soul,-,22 mai 1980,Upside Down
384744923,6074,-,Bliks & Kisen & BJAM,3,Hip-hop/Rap,-,28 nov. 2017,Wanted 2018
451253591,11905,-,6ix9ine Feat. Anuel AA,3,Hip-hop/Rap,-,27 nov. 2018,MALA
424170436,203215,364,Damso,5,Hip-hop/Rap,4.6,15 juin 2018,Feu De Bois
426992883,1656797,-,Martin Garrix Feat. Khalid,3,Dance,-,15 juin 2018,Ocean
444528901,4435,-,Balthazar,4,Alternative,-,-,Entertainment
381071511,6427,-,The Limiñanas,1,Alternative,-,17 nov. 2017,Nuit Fantôme
422849,2158790,12,The Buggles,4,Pop,4.3,1 janv. 1980,Video Killed The Radio Star
390870,1917337,-,The Doobie Brothers,4,Rock,-,29 oct. 1976,Long Train Runnin'
240760,3666539,5,Cyndi Lauper,1,Pop,5.0,26 juin 1984,Girls Just Want To Have Fun
435292027,37422,-,Asakura,2,Hip-hop/Rap,-,9 août 2018,Karaba
11227709,4693082,33,Evanescence,4,Rock,4.8,4 mars 2003,My Immortal
434624972,129199,-,A-Star,3,Musiques du monde,-,23 janv. 2018,Kupe Dance
10472897,67771,-,Geordie,1,Rock,-,22 nov. 2010,House Of The Rising Sun
408421621,313404,-,DJ Kayz Feat. Wassila & Scridge,3,Hip-hop/Rap,-,2 mars 2018,Jour J
367614876,737675,-,MC Gustta & MC DG,3,Baile funk,-,25 juil. 2017,Abusadamente
444176270,48608,-,Fatboy Slim,3,Dance,-,2 nov. 2018,Praise You (Purple Disco Machine Remix)
266407,5667354,12,The Police,4,Rock,4.4,1 juin 1983,Every Breath You Take
52166505,2576699,17,Kavinsky,3,Électronique,4.0,10 sept. 2010,Nightcall
52824344,140707,13,Elsa,1,Variété française,4.5,1 janv. 2006,T'en Vas Pas
339901639,63256,-,The Living Tombstone Feat. BlackGryph0n & LittleJayneyCakes,5,Pop,-,12 janv. 2017,No Mercy
412788452,23532,46,Lefa Feat. S.Pri Noir & Dadju,4,Hip-hop/Rap,4.6,6 avr. 2018,J'me Téléporte
312509,1232493,-,Yazoo,4,Pop,-,1 juil. 1982,Don't Go
443984107,3232,-,Fanny Polly,3,Hip-hop/Rap,-,7 nov. 2018,Dunk
124028799,1343746,371,Marina Kaye,4,Pop,4.5,18 mai 2015,Homeless
439605065,9435,-,Delta,2,Pop,-,21 sept. 2018,Notre Adn
444320689,20937,273,Johnny Hallyday,3,Variété française,3.7,19 oct. 2018,J'en Parlerai Au Diable
93723589,5922314,655,Avicii,5,House,4.6,17 sept. 2013,Addicted To You
275383992,1152190,11,Eric Prydz,2,Électronique,5.0,5 févr. 2016,Opus
287664599,4747148,28,Yall Feat. Gabriela Richardson,2,Dance,4.0,16 oct. 2015,Hundred Miles
404173719,347224,-,Afro B,3,Musiques du monde,-,16 févr. 2018,Drogba (Joanna)
429486908,795302,-,Ozuna Feat. Manuel Turizo,-,-,-,-,Vaina Loca
414762648,3952331,311,Ariana Grande,4,Pop,4.7,17 août 2018,No Tears Left To Cry
456723,148069,-,Aretha Franklin,2,R&B/Soul,-,14 juin 1968,You Send Me
137624604,11328680,57,Feder Feat. Lyse,3,Dance,4.0,5 févr. 2015,Goodbye
440336286,2842,-,William Z Villain,3,Alternative,-,5 oct. 2018,Something Beautiful
53535961,728822,-,Elisa Tovati & Tom Dice,4,Bande originale,-,28 mars 2012,Il Nous Faut
274510331,14796713,9,Mike Posner,5,Auteur-interprète,4.3,6 mai 2016,I Took A Pill In Ibiza (Seeb Remix)
53072392,6874177,3,Adele,1,Pop,4.4,19 janv. 2011,Set Fire To The Rain
65874530,17266480,614,Macklemore & Ryan Lewis Feat. Wanz,1,Hip-hop,4.8,9 oct. 2012,Thrift Shop
45531548,66515,-,Luciano Pavarotti & The National Philharmonic Orchestra & Nicola Rescigno,1,Classique,-,1 janv. 1979,"""E Lucevan Le Stelle"""
2899810,2202705,-,Rockwell,2,R&B/Soul,-,1 janv. 2006,Somebody's Watching Me (Single Version)
74906063,11778402,972,Rihanna Feat. Mikky Ekko,1,Pop,4.2,19 nov. 2012,Stay
329587,3387464,-,Kim Carnes,3,Country,-,1 avr. 1981,Bette Davis Eyes
92719600,20481774,-,Hozier,1,Alternative,-,19 sept. 2014,Take Me To Church
20094674,2894231,-,Beyoncé Feat. Jay-Z,7,Pop,-,18 mai 2003,Crazy In Love
244019,2696973,-,Tears For Fears,2,Rock,-,1 janv. 2014,Everybody Wants To Rule The World
46557980,79486,-,The Streets,3,Pop,-,12 sept. 2008,On The Flip Of A Coin
300945736,9997127,409,Coldplay,4,Alternative,4.0,4 déc. 2015,Hymn For The Weekend
444422908,14272,21,Lynda,3,Variété française,5.0,26 oct. 2018,Ma Berceuse
433278815,1610210,11,"DJ Khaled Feat. Justin Bieber, Chance The Rapper & Quavo",4,Hip-hop/Rap,4.9,27 juil. 2018,No Brainer
404085265,12944,-,Dame,2,Alternative,-,16 févr. 2018,Slow Down
45559699,978738,74,Vampire Weekend,3,Alternative,4.2,29 janv. 2008,A-Punk
143673008,12198014,24,Lost Frequencies,2,Dance,4.1,17 nov. 2014,Are You With Me
10098964,1691553,-,Murray Head,1,Pop,-,31 déc. 1979,One Night In Bangkok
423160703,424900,-,HUGEL & Taio Cruz,2,Pop,-,8 juin 2018,Signs
438388543,33873,-,The Prince Karma,-,-,-,-,Later Bitches (Rocket Fun Remix)
441586811,28156,-,Lbenj Feat. Mounim Slimani & DJ Med,3,Pop,-,27 sept. 2018,Amoureux Tombé
5165370,2652937,62,Dire Straits,5,Rock,4.8,13 mai 1985,Money For Nothing
272579,2650843,-,Marvin Gaye & Tammi Terrell,3,R&B/Soul,-,29 août 1967,Ain't No Mountain High Enough
448417390,2194,-,Diva Faune Feat. Clara Doxal,3,Pop,-,8 nov. 2018,Shooting To The Stars (French Edit)
437923353,17229,-,Badoxa,3,Musiques du monde,-,6 sept. 2018,Eu Sei
230068,5346971,-,Dr. Dre Feat. Snoop Dogg,1,Hip-hop/Rap,-,16 nov. 1999,The Next Episode
416864285,139920,-,Cedric Gervais,2,Dance,-,22 juin 2018,Do It Tonight
441465730,13784,34,Dadju,1,R&B/Soul,4.2,5 oct. 2018,Tu N'es Pas Moi
283230,2640137,42,Pink Floyd,1,Rock,4.5,30 nov. 1979,Another Brick In The Wall (Part 2)
160157606,16886193,97,Mark Ronson Feat. Bruno Mars,3,Pop,4.3,12 janv. 2015,Uptown Funk
417603618,11158,-,Daniel Santacruz Feat. Badoxa,5,Latino,-,25 mai 2018,Ven A Bailar
219243,4093056,57,Nirvana,4,Rock,2.8,24 sept. 1991,Smells Like Teen Spirit
237724,6109396,-,Israel Kamakawiwo'ole,3,Musiques du monde,-,23 nov. 1990,Over The Rainbow / What A Wonderful World
295451201,1606047,41,Sia,1,Pop,4.5,29 janv. 2016,Bird Set Free
261065,2338284,-,Gerry Rafferty,5,Rock,-,20 janv. 1978,Baker Street
45677411,326063,5,Partenaire Particulier,3,Variété française,4.8,31 déc. 1985,Partenaire Particulier
422691,1675209,-,The Mamas & The Papas,1,Pop,-,1 janv. 2004,California Dreamin'
413121501,27750,40,Cœur De Pirate,3,Pop,4.5,1 juin 2018,Combustible
10258503,1896349,-,Liquido,1,Alternative,-,1 août 1998,Narcotic
436802637,5361,22,Gaëtan Roussel,3,Variété française,4.4,28 sept. 2018,J’entends Des Voix
87581338,1636898,17,Cats On Trees,5,Alternative,4.4,18 mai 2015,Sirens Call
241720,2707151,-,New Order,1,Alternative,-,22 nov. 1994,Blue Monday
437624358,23516,133,Angèle,4,Variété française,3.9,5 oct. 2018,Jalousie
52282352,160666,134,Géraldine Nakache & Leila Bekhti,5,Bande originale,4.3,22 mars 2010,Chanson Sur Une Drôle De Vie
323710,84246,-,The Doors with Jim Morrison,4,Rock,-,17 nov. 1978,Ghost Song
335146899,7241489,21,French Montana Feat. Swae Lee,1,Hip-hop/Rap,4.5,14 juil. 2017,Unforgettable
337202397,6926863,16,Julia Michaels,2,Pop,4.7,13 janv. 2017,Issues
373295005,6450129,-,NF,1,Hip-hop/Rap,-,6 oct. 2017,Let You Down
449597955,16300,-,Missy Modell,-,-,-,-,Galaxy
357027,2099394,-,Rick Astley,5,Pop,-,5 août 2002,Never Gonna Give You Up
404932327,4076609,106,Justin Timberlake Feat. Chris Stapleton,1,Pop,3.8,2 févr. 2018,Say Something
77186726,3614048,18,Bakermat,3,Dance,4.1,14 mars 2014,One Day (Vandaag)
444745366,56659,-,CNCO & Prince Royce,3,Pop en espagnol,-,26 oct. 2018,Llegaste Tú
5164711,3339518,-,Mary J. Blige,1,R&B/Soul,-,1 janv. 2001,Family Affair
266238057,11246191,44,Lukas Graham,3,Pop,4.4,16 juin 2015,7 Years
3049362,187616,6,Teri Moïse,4,Variété française,4.8,13 avr. 1999,Je Serai Là
422888911,45078,44,L'Algérino,4,Hip-hop/Rap,3.2,22 juin 2018,Andalé
87647478,1608047,517,London Grammar,1,Pop,4.5,6 sept. 2013,Wasting My Young Years
338593186,297077,-,Bamby & Jahyanai King,3,Musiques du monde,-,18 déc. 2016,Run Di Place
40026111,5407932,6,Usher Feat. Lil' Jon & Ludacris,1,Pop,3.8,15 mars 2004,Yeah!
291440,2474858,-,Culture Club,3,Rock,-,1 oct. 1983,Karma Chameleon
371534462,1844650,-,Natti Natasha & Ozuna,3,Urban latin,-,1 sept. 2017,Criminal
5359657,3705188,10,Eiffel 65,5,Dance,5.0,20 janv. 1998,Blue (Da Ba Dee)
431392223,54004,-,Muslim,3,Hip-hop/Rap,-,13 juil. 2018,Mama
5820248,58562,-,Julien Clerc,1,Variété française,-,30 mars 1998,Fais-Moi Une Place
123453088,21069413,438,Ed Sheeran,1,Pop,4.5,20 juin 2014,Thinking Out Loud
440507054,15520,12,Alain Bashung,4,Variété française,4.9,28 sept. 2018,Immortels
446085267,1981,-,Cats On Trees,2,Alternative,-,9 nov. 2018,Shiny Lines Of Light (Musique De La Publicité Galeries Lafayette)
76728277,6263449,244,James Arthur,3,Pop,4.7,9 déc. 2012,Impossible
311594,4415025,9,Survivor,3,Rock,5.0,1 janv. 1982,Eye Of The Tiger
48304708,3000479,23,Gossip,1,Alternative,4.9,4 juin 2009,Heavy Cross
439350039,14703,-,BNGRS,2,Pop/Rock,-,1 oct. 2018,Real Thing
439700906,512514,-,Imagine Dragons,3,Alternative,-,19 sept. 2018,"Zero (From the Original Motion Picture ""Ralph Breaks The Internet"")"
91393047,701907,-,Izzy Bizu,1,R&B/Soul,-,9 déc. 2016,White Tiger
44424171,3199042,-,Plain White T's,4,Alternative,-,25 janv. 2005,Hey There Delilah
431104620,472370,-,Anuel AA,4,Urban latin,-,17 juil. 2018,Quiere Beber
11177141,3970063,151,Eminem,1,Hip-hop/Rap,4.6,2 déc. 2005,Lose Yourself
3176111,2659193,-,Kiss,3,Rock,-,23 mai 1979,I Was Made For Lovin' You
10308693,1841809,-,Patrick Swayze Feat. Wendy Fraser,4,Bande originale,-,21 sept. 2012,She's Like The Wind
11193208,2370722,-,Busta Rhymes Feat. Mariah Carey & Flipmore Squad,1,Hip-hop/Rap,-,26 nov. 2002,I Know What You Want
98901555,2483711,86,Tom Odell,5,Auteur-interprète,4.4,21 juin 2013,Another Love (Zwette Edit)
11244339,4458410,46,The White Stripes,4,Alternative,4.5,1 avr. 2003,Seven Nation Army
238700,3533537,-,Bee Gees,1,Pop,-,1 oct. 1979,Stayin' Alive
444144016,2312,22,Georgio,1,Hip-hop/Rap,4.4,23 nov. 2018,Miroir
402447569,172276,34,Dadju,1,R&B/Soul,4.2,5 oct. 2018,Mafuzzy Style
471287,3324471,29,Scorpions,5,Rock,4.4,6 nov. 1990,Wind Of Change
97698763,4296959,56,Tove Lo,5,Pop,4.5,1 janv. 2014,Habits (Stay High;Hippie Sabotage Remix)
277453,969090,11,Kate Bush,4,Rock,4.6,17 févr. 1978,Wuthering Heights
443516870,10735,90,Soolking Feat. Khaled,4,Hip-hop/Rap,4.3,2 nov. 2018,Mirage
20151991,1725467,24,Alicia Keys,5,R&B/Soul,4.6,2 déc. 2003,If I Ain't Got You
240844,2187338,-,Marvin Gaye,4,R&B/Soul,-,1 oct. 1982,Sexual Healing
260687326,628181,53,Josef Salvat,5,Pop,4.7,23 oct. 2015,Open Season (Une Autre Saison)
440469070,28362,-,Little Dragon,1,Électronique,-,9 nov. 2018,Lover Chanting
45041712,1234289,5,Linkin Park,5,Alternative,5.0,14 mai 2007,Shadow Of The Day
385463659,283714,-,Vegedream X DJ Leska,-,-,-,-,La Fuite
544018,459775,-,Billy Paul,1,R&B/Soul,-,6 avr. 1999,Your Song
384962319,661800,-,"Riverdale Cast Feat. K.J. Apa & Camila Mendes, Lili Reinhart",2,Bande originale,-,18 mai 2018,Mad World
234782921,21661688,19,Major Lazer Feat. MØ & DJ Snake,5,Electronica,4.6,4 mars 2016,Lean On
45655608,3693308,-,Madcon,4,Hip-hop/Rap,-,28 févr. 2011,Beggin'
359624689,9447274,73,Calvin Harris Feat. Pharrell Williams & Katy Perry & Big Sean,3,Dance,4.4,30 juin 2017,Feels
333178235,958918,46,Loïc Nottet,4,Pop,4.6,27 oct. 2016,Million Eyes
403441856,8734,9,Hollydays,1,Alternative,4.8,12 janv. 2018,L'odeur Des Joints
53925508,2422786,402,Sean Paul,4,Pop,4.3,24 janv. 2012,She Doesn't Mind
539524,2161561,-,F.R. David,9,Pop,-,-,Words
364238539,250319,-,"DJ Leska Feat. Vegeta, KGS",3,Hip-hop/Rap,-,6 juil. 2017,Vay (Explicit)
235322,454191,5,Marvin Gaye,2,R&B/Soul,5.0,20 mai 1971,Inner City Blues (Make Me Wanna Holler)
45165547,3593027,8,Amy MacDonald,1,Pop,4.6,30 juil. 2007,This Is The Life
105561939,1093193,-,Lo-Fang,4,Alternative,-,24 févr. 2014,You're The One That I Want
433009739,180781,-,Talisco,3,Alternative,-,24 août 2018,Sun
288892093,688351,-,Barns Courtney,1,Alternative,-,27 janv. 2017,Glitter & Gold
413464224,402361,-,Jahyanai,3,Dance,-,27 avr. 2018,Dweet So
440586841,847944,-,French Montana Feat. Drake,3,Hip-hop/Rap,-,20 sept. 2018,No Stylist
433798595,195987,-,Martin Garrix & Justin Mylo Feat. Dewain Whitmore,3,Dance,-,14 sept. 2018,Burn Out
444656280,16891,-,Kimotion Feat. Joss Bari,3,Dance,-,20 oct. 2018,The Night We Met Remix
278162182,1948,-,The Pop Posse,-,-,-,-,Not About Angels
220193,2743392,5,Bill Withers,3,R&B/Soul,3.8,1 mai 1971,Ain't No Sunshine
432506987,442148,110,Rim'K Feat. Ninho,5,Hip-hop/Rap,4.8,21 sept. 2018,Air Max
446738117,25422,108,Jul,2,Hip-hop/Rap,3.5,-,Poussette
442101007,77288,62,Booba,3,Hip-hop/Rap,3.6,3 oct. 2018,BB
437991917,334637,-,Dan Balan Feat. Marley Waters,3,Dance,-,21 sept. 2018,Numa Numa 2
344059563,272216,-,Karizma,-,-,-,-,Work It Out
376324671,7809854,-,Tom Walker,1,Auteur-interprète,-,-,Leave A Light On
427073025,1627457,32,Bebe Rexha,4,Pop,4.8,22 juin 2018,I'm A Mess
418467645,4018105,-,Tyga Feat. Offset,3,Hip-hop/Rap,-,16 mai 2018,Taste
438400225,36121,-,Claudio Capéo,4,Variété française,-,-,Ta Main
412072803,8389510,39,Calvin Harris & Dua Lipa,3,Dance,4.2,6 avr. 2018,One Kiss
378073614,517317,110,P!nk,5,Pop,4.5,13 oct. 2017,Secrets
407804116,161609,80,Hoshi,4,Variété française,4.0,23 mars 2018,Femme À La Mer
442449591,111541,5,Major Lazer Feat. Tove Lo,1,Électronique,4.6,19 oct. 2018,Blow That Smoke
286572634,4872619,-,Naughty Boy Feat. Beyoncé & Arrow Benjamin,9,Pop,-,18 sept. 2015,Runnin' (Lose It All)
445146933,29209,151,Aya Nakamura,3,R&B/Soul,3.5,2 nov. 2018,Oula
448148312,14559,45,David Hallyday,4,Variété française,4.1,-,Ma Dernière Lettre
440180182,1234625,13,Rita Ora,5,Pop,4.8,23 nov. 2018,Let You Love Me
431847411,578233,-,Vegedream,3,Hip-hop/Rap,-,19 juil. 2018,Ramenez La Coupe À La Maison
422158445,214079,59,Lenny Kravitz,1,Rock,4.5,7 sept. 2018,Low (Edit)
359568795,3198764,8,Cecilia Krull,3,Bande originale,4.3,10 juin 2017,"My Life Is Going On (Música Original de la Serie de TV ""La Casa de Papel"")"
432521592,1419092,11,David Guetta Feat. Anne-Marie,3,Dance,3.0,26 juil. 2018,Don't Leave Me Alone
349500883,5191978,7,Dennis Lloyd,2,Pop,4.7,30 juin 2017,Nevermind
448388370,9554,-,Feder Feat. Bryce Vine & Dan Caplen,3,Dance,-,23 nov. 2018,Control
445466319,5725,-,L.B.ONE,2,Électronique,-,2 nov. 2018,Rue Des Abbesses
449560160,5077,-,M,-,-,-,-,Superchérie
411565603,3465074,-,Alvaro Soler,4,Pop en espagnol,-,21 sept. 2018,La Cintura
365455157,116908,-,Kimotion,1,Pop,-,28 juil. 2017,Once We Can Fly
218034,1621802,-,Al Green,3,Soul,-,31 janv. 1972,How Can You Mend A Broken Heart?
440739730,30119,-,Léa Paci,3,Variété française,-,21 sept. 2018,On Prend Des Notes
434202110,2810322,79,Travis Scott,5,Hip-hop/Rap,4.6,3 août 2018,SICKO MODE
403449389,32864,7,Eddy De Pretto,4,Variété française,5.0,19 janv. 2018,Random
441990739,1388828,7,Halsey,3,Alternative,5.0,4 oct. 2018,Without Me
428623599,363754,135,Kendji Girac,4,Variété française,3.6,31 août 2018,Pour Oublier
416003539,117928,11,Joyce Jonathan,5,Variété française,3.9,5 oct. 2018,On
373985776,160665,5,Elephanz,4,Alternative,4.4,13 oct. 2017,Maryland
207307861,39083,-,Andreas Scholl & Australian Brandenburg Orchestra & Paul Dyer,-,-,-,-,"Nisi Dominus, R.608: IV. ""Cum Dederit"" (Psalm 126;Andante)"
419333867,192348,110,Zazie,4,Variété française,3.8,7 sept. 2018,Speed
429772054,4712546,28,Drake,1,Hip-hop/Rap,4.1,29 juin 2018,In My Feelings
440701907,300703,5,Jonas Blue Feat. Liam Payne & Lennon Stella,3,Dance,5.0,5 oct. 2018,Polaroid
438055391,135797,49,Soprano,5,Hip-hop/Rap,3.4,9 nov. 2018,À La Vie À L'amour
434692640,262937,11,Niska,5,Hip-hop/Rap,4.1,10 août 2018,W.L.G
432961763,637394,5,Martin Garrix Feat. Bonn,3,Dance,4.8,30 juil. 2018,High On Life
446515860,60806,-,Martin Garrix & Mike Yung,3,Dance,-,1 nov. 2018,Dreamer
434922385,88836,213,Christine And The Queens,1,Alternative,3.2,21 sept. 2018,La Marcheuse
440206391,12427,37,Jérémy Frerot,3,Variété française,3.6,12 oct. 2018,Tu Donnes
327491882,763818,-,Jessie Reyez,1,R&B/Soul,-,21 avr. 2017,Figures
432568974,22638,-,"6ix9ine Feat. Nicki Minaj, Murda Beatz",3,Hip-hop/Rap,-,27 nov. 2018,Fefe
445146939,17544,151,Aya Nakamura,3,R&B/Soul,3.5,2 nov. 2018,Pookie
281558900,12865823,60,Imany,3,Dance,4.3,20 janv. 2016,Don't Be So Shy (Filatov & Karas Remix)
218112,1801134,-,Ronan Keating,5,Rock,-,16 avr. 2001,When You Say Nothing At All
437189289,396013,-,Alesso,3,Dance,-,31 août 2018,Remedy
438387803,1176553,10,Silk City & Dua Lipa Feat. Diplo & Mark Ronson,1,Pop,4.7,2 juin 2017,Electricity
408829716,8446446,17,Nicky Jam & J Balvin,2,Urban latin,4.4,2 mars 2018,X
415769092,765230,-,Cecilia Krull & Gavin Moss,2,Électronique,-,11 mai 2018,My Life Is Going On (Cecilia Krull vs. Gavin Moss)
439714638,277183,-,Tyga,2,Hip-hop/Rap,-,18 sept. 2018,Dip
434954794,102966,-,Sound Of Legend,3,Dance,-,7 sept. 2018,Hold That Sucker Down
53063632,8341108,241,Lykke Li,4,Alternative,4.2,28 févr. 2010,I Follow Rivers (The Magician Remix)
438689622,224840,32,Zaz,5,Pop,3.3,16 nov. 2018,Qué Vendrá
373041413,54606,171,Indochine,2,Rock,4.1,8 sept. 2017,Song For A Dream
433873297,1861600,-,Bazzi Feat. Camila Cabello,3,Pop,-,2 août 2018,Beautiful
439575216,1286640,-,"Gucci Mane, Bruno Mars & Kodak Black",3,Hip-hop/Rap,-,14 sept. 2018,Wake Up In The Sky
441395941,77562,-,Nils Van Zandt,2,Dance,-,5 oct. 2018,On My Way
40111843,4605334,8,Keane,1,Rock,4.9,16 févr. 2004,Somewhere Only We Know
380117078,226886,196,Dadju,1,R&B/Soul,4.5,24 nov. 2017,Lionne
410399211,1696890,-,Matt Simons,2,Pop,-,4 avr. 2018,We Can Do Better
429234799,307450,73,Bigflo & Oli & Petit Biscuit,1,Hip-hop/Rap,4.3,23 nov. 2018,Demain (Bigflo & Oli X Petit Biscuit)
20067761,1148362,-,Jermaine Jackson & Pia Zadora,1,Pop,-,14 avr. 1984,When The Rain Begins To Fall
440477765,6217,-,aka George,3,Pop,-,8 oct. 2018,Stone Cold Classic 3000
372962066,287586,62,Eddy De Pretto,1,Variété française,4.7,6 oct. 2017,Kid
442995330,115318,-,Robin Schulz Feat. Erika Sirola,3,Dance,-,16 nov. 2018,Speechless
444408030,33270,-,Absoyes Feat. Ninho,3,Hip-hop/Rap,-,5 nov. 2018,La Vie Qu'on Mène
260440248,147341,62,Kaleo,4,Alternative,4.7,10 juin 2016,I Can't Go On Without You
402772917,20704,12,Eels,4,Alternative,4.3,6 avr. 2018,Bone Dry
424968534,29512,9,VSO,3,Hip-hop/Rap,5.0,29 juin 2018,Toréador
103547800,7186,52,Coeur De Pirate,4,Pop,4.2,14 janv. 2014,Ain't No Sunshine
428436961,516443,10,Kungs & Stargate Feat. GOLDN,3,Dance,4.2,22 juin 2018,Be Right Here
416663686,553535,44,Dosseh,5,Hip-hop/Rap,4.2,6 juil. 2018,Habitué
421777646,1979106,47,A$AP Rocky Feat. Skepta,5,Hip-hop/Rap,4.5,25 mai 2018,Praise The Lord (Da Shine)
416911985,38260,-,Cameron,2,Pop,-,18 mai 2018,Je Laisse Passer
436604033,66820,237,Jenifer,1,Variété française,4.5,26 oct. 2018,Notre Idylle
45911930,249994,7,Bryn Christopher,7,Hip-hop/Rap,4.9,8 juin 2008,The Quest
441181008,175242,-,Kygo Feat. Sandro Cavazza,3,Dance,-,26 oct. 2018,Happy Now
365203205,124513,-,Calogero,5,Variété française,-,25 août 2017,1987
375565156,50384,28,Patrick Fiori,3,Variété française,4.1,29 sept. 2017,Les Gens Qu'on Aime
439309038,781571,-,Khalid,3,R&B/Soul,-,14 sept. 2018,Better
446503379,134640,-,D'Angelo,-,-,-,-,Unshaken
407605619,1855300,7,Imagine Dragons,4,Alternative,5.0,23 juin 2017,Next To Me
435692655,90399,-,Koba LaD,3,Hip-hop/Rap,-,17 août 2018,La C
432847704,86623,-,Maes,2,Hip-hop/Rap,-,27 juil. 2018,Billets Verts
56567320,6526854,5,Emeli Sandé,1,Pop,4.6,10 févr. 2012,"Read All About It, Part III"
410647825,70501,8,Måns Zelmerlöw,3,Pop,4.8,2 déc. 2016,Happyland (Ce Monde Parfait)
444413126,24742,140,Eva,3,R&B/Soul,4.2,26 oct. 2018,Mood
438559787,30774,-,4Keus Gang & Doks,3,Hip-hop/Rap,-,26 sept. 2018,Polia
416805370,1141534,17,"LSD Feat. Sia, Diplo & Labrinth",3,Pop,4.8,10 mai 2018,Audio
280647410,2202815,-,Rodrigo Amarante,1,Bandes télé,-,18 sept. 2015,Tuyo
442009655,531765,20,Little Mix Feat. Nicki Minaj,3,Pop,4.8,12 oct. 2018,Woman Like Me
431364208,451397,32,Muse,3,Alternative,2.8,19 juil. 2018,Something Human
219959,3884290,-,Queen,1,Rock,-,21 nov. 1975,Bohemian Rhapsody
381511576,94175,-,Patrick Watson,4,Alternative,-,16 nov. 2017,Broken
451311659,26149,-,6ix9ine Feat. Nicki Minaj & Kanye West,3,Hip-hop/Rap,-,27 nov. 2018,MAMA
443516869,27072,90,Soolking,4,Hip-hop/Rap,4.3,2 nov. 2018,Vroom Vroom
2884813,7509109,11,4 Non Blondes,4,Rock,4.9,1 janv. 1992,What's Up?
440179084,43304,106,Patrick Bruel,5,Variété française,3.2,2 nov. 2018,Tout Recommencer
412157666,79784,-,Kimotion,3,Dance,-,8 juin 2018,Over That Girl
449101152,47842,-,Billie Eilish,3,Alternative,-,20 nov. 2018,come out and play
445112226,373774,5,Clean Bandit Feat. Marina and the Diamonds & Luis Fonsi,5,Dance,4.8,30 nov. 2018,Baby
449041573,9792,-,Banx & Ranx & Zaho Feat. Sean Paul,3,Dance,-,13 nov. 2018,Ego
10472897,67769,-,Geordie,1,Rock,-,22 nov. 2010,House Of The Rising Sun
447393977,12286,-,Asakura,2,Hip-hop/Rap,-,1 nov. 2018,Tekale
225450,1210866,92,Portishead,4,Électronique,4.6,1 janv. 1994,Glory Box
412814005,1620146,151,Aya Nakamura,3,R&B/Soul,3.5,2 nov. 2018,DJadja
219983,1783980,-,Queen,4,Rock,-,10 nov. 1978,Don't Stop Me Now
416471643,23413,5,Aöme,3,Variété française,5.0,17 mai 2018,Mille Couronnes
410801046,439050,74,Shawn Mendes,4,Pop,4.8,25 mai 2018,Lost In Japan
278319535,11699762,62,Kaleo,4,Alternative,4.7,10 juin 2016,Way Down We Go
353240669,795553,298,Vitaa,4,Pop,4.8,5 mai 2017,Un Peu De Rêve
161812454,6880,-,MurTor,-,-,-,-,Come And Get Your Love (Remix)
312058991,17535831,157,Kungs & Cookin' On 3 Burners,4,Dance,4.4,4 nov. 2016,This Girl
220200,1791160,-,Bill Withers,3,Pop,-,1 janv. 1977,Lovely Day
437163837,139964,42,Columbine,1,Hip-hop/Rap,4.4,28 sept. 2018,Adieu Bientôt
439318846,41991,29,Hornet La Frappe Feat. Ninho,5,Hip-hop/Rap,3.8,21 sept. 2018,Sheitana
445106747,3409,-,Kalash Criminel,-,-,-,-,Encore
298202984,8984118,136,LP,3,Alternative,4.4,9 déc. 2016,Lost On You
412961240,6510362,83,Cardi B & Bad Bunny & J Balvin,4,Hip-hop/Rap,3.5,6 avr. 2018,I Like It
450848192,37034,-,Meek Mill Feat. Anuel AA & Fabolous,3,Hip-hop/Rap,-,22 nov. 2018,Uptown Vibes
52157169,1694740,5,Breakbot Feat. Irfane,4,Électronique,4.8,14 sept. 2012,Baby I'm Yours
5169818,4397969,16,Nickelback,3,Rock,4.7,11 sept. 2001,How You Remind Me
442467403,238852,-,Anderson .Paak Feat. Kendrick Lamar,4,Hip-hop/Rap,-,4 oct. 2018,Tints
446738106,2829,-,Ju-L,-,-,-,-,La Zone En Personne
335744606,10745900,264,The Weeknd Feat. Daft Punk,1,R&B/Soul,4.7,25 nov. 2016,I Feel It Coming
5161533,4091623,-,Radiohead,1,Alternative,-,21 sept. 1992,Creep
430989253,68425,-,Boostee,2,R&B/Soul,-,20 juil. 2018,Nan Nan Nan
588416,3585458,6,Blackstreet Feat. Dr. Dre,1,R&B/Soul,4.8,1 janv. 1996,No Diggity
163045094,3143518,220,The Avener & Kadebostany,1,Électronique,4.4,19 janv. 2015,Castle In The Snow
447911110,2520,-,Bertrand Belin,4,Variété française,-,-,Choses Nouvelles
342514734,1959782,13,Ed Sheeran,4,Pop,4.5,3 mars 2017,Happier
273551,688830,-,Joe Cocker,5,Rock,-,7 oct. 1996,You Are So Beautiful
459379,5450638,-,Toto,2,Rock,-,30 sept. 2003,Africa
445215624,297191,-,Cardi B,3,Hip-hop/Rap,-,22 oct. 2018,Money
426993576,102247,-,Big Pineapple,2,Dance,-,29 juin 2018,Another Chance (Don Diablo Edit)
445106741,3062,-,Kalash Criminel,-,-,-,-,La Sacem De Florent Pagny
45708317,179398,25,Véronique Sanson,5,Variété française,4.0,21 sept. 2018,Chanson Sur Ma Drôle De Vie
40043173,184092,-,Yann Tiersen,3,Pop,-,3 févr. 2003,Summer 78
366057872,57445,-,Sigala & Ella Eyre,3,Dance,-,28 juil. 2017,Came Here For Love (Acoustic)
403649507,2161375,-,Daddy Yankee,3,Urban latin,-,18 janv. 2018,Dura
442381413,151723,13,Michael Bublé,4,Pop,4.8,16 nov. 2018,Love You Anymore
443357473,278828,-,Luis Fonsi & Ozuna,2,Pop en espagnol,-,19 oct. 2018,Imposible
437165653,59751,54,MHD Feat. Dadju,1,Hip-hop/Rap,4.6,19 sept. 2018,Bébé
40943911,67004,56,Antony & The Johnsons,3,Alternative,4.8,1 févr. 2005,You Are My Sister
443282292,54836,-,Tiësto,2,Dance,-,26 oct. 2018,Grapevine
438689037,36453,18,Vanessa Paradis,2,Variété française,3.9,14 sept. 2018,Ces Mots Simples
5166927,6481701,-,Coolio Feat. L.V.,1,Hip-hop/Rap,-,2 oct. 1995,Gangsta's Paradise
442988782,6462,-,QQUN,3,Pop,-,26 oct. 2018,Ca Ira Mieux
435215761,11455,-,Superfunk,1,House,-,5 nov. 2018,Chinatown (Original Mix)
360002308,1189097,-,Dopebwoy Feat. Chivv & 3robi,3,Hip-hop/Rap,-,15 déc. 2017,Cartier
442318527,16914,-,Gaël Faye Feat. Flavia Coelho,2,Hip-hop/Rap,-,2 nov. 2018,Balade Brésilienne
5884434,5597214,-,Foreigner,4,Rock,-,7 déc. 1984,I Want To Know What Love Is
40004674,5287619,-,Hoobastank,1,Rock,-,1 janv. 2004,The Reason
232569,5254825,-,A-Ha,4,Pop,-,1 juin 1985,Take On Me
347294701,9973032,178,Harry Styles,4,Pop,4.6,12 mai 2017,Sign Of The Times
434847442,752126,311,Ariana Grande,4,Pop,4.7,17 août 2018,Breathin
427973548,14389,24,Synapson Feat. Holly,4,Électronique,4.3,22 juin 2018,Build Me Up
5919920,2182459,35,Mariah Carey,3,Fêtes,4.6,29 oct. 1994,All I Want For Christmas Is You
89397803,18140563,-,John Legend,4,R&B/Soul,-,30 août 2013,All Of Me
433357356,188238,-,KPoint Feat. Ninho,3,Hip-hop/Rap,-,30 juil. 2018,Ma 6t A Craqué
440467832,502291,-,DJ 6rb & Bonde R300 Feat. Xang & Mayklove,2,Baile funk,-,17 sept. 2018,Oh Nanana (Remix)
342514741,16202291,293,Ed Sheeran,5,Pop,4.5,3 mars 2017,Perfect
404017423,1675643,85,Lartiste Feat. Caroliina,4,Hip-hop/Rap,3.9,23 févr. 2018,Mafiosa
427438467,211831,16,Angèle,3,Variété française,4.4,20 juin 2018,La Thune
449095508,2499,-,Mac Tyer Feat. Kaaris & Sofiane,-,-,-,-,Il Se Passe Quoi
413462347,49409,17,KeBlack,1,Hip-hop/Rap,4.4,11 mai 2018,On Rigolait
443038467,19646,-,Kalash Criminel,-,-,-,-,Sombre
377906759,85074,503,Orelsan,5,Hip-hop/Rap,4.5,20 oct. 2017,Paradis
64245611,633110,10,Jonathan Clay,3,Auteur-interprète,4.2,19 juil. 2012,Heart On Fire
419241177,13541,-,Shake Shake Go,1,Alternative,-,1 juin 2018,Come Back To Me
443396233,12655,6,I.K (TLF) Feat. Lartiste,3,Variété française,2.3,19 oct. 2018,Ella
343504803,272893,-,Lewis Capaldi,3,Alternative,-,16 mai 2017,Bruises
342450775,14324728,17,Portugal. The Man,3,Alternative,4.0,15 juin 2017,Feel It Still
445065974,15546,-,"Chris Brown, Jeremih, Wiz Khalifa, Ty Dolla $Ign & MihTy",3,R&B/Soul,-,26 oct. 2018,Surrounded
408195472,496465,-,Starboy,4,Musiques du monde,-,21 févr. 2018,Socco
445147356,2079,73,"Soprano, Bigflo & Oli & Black M",1,Hip-hop/Rap,4.3,23 nov. 2018,C'est Que Du Rap
157480435,459894,10,Katie Melua,4,Pop,4.6,28 août 2015,Wonderful Life
5575864,108491,-,Davina,5,Bande originale,-,12 août 1997,So Good
374244185,12871738,33,Post Malone Feat. 21 Savage,1,Hip-hop/Rap,4.7,27 avr. 2018,rockstar
331942,2411303,12,Midnight Oil,4,Rock,4.6,22 juin 1987,Beds Are Burning
440807202,181262,205,Lady Gaga & Bradley Cooper,1,Bande originale,4.7,5 oct. 2018,I'll Never Love Again (Film Version)
44961393,6120413,-,Timbaland Feat. OneRepublic,1,Hip-hop/Rap,-,3 avr. 2007,Apologize
305314588,329355,31,Naive New Beaters Feat. Izia,4,Variété française,4.4,22 juil. 2016,Heal Tomorrow
108867060,12259206,24,Sia,1,Pop,4.2,4 juil. 2014,Chandelier
445665371,105758,43,Imagine Dragons,5,Alternative,4.7,9 nov. 2018,Bad Liar
338965882,17616251,13,Ed Sheeran,4,Pop,4.5,3 mars 2017,Shape Of You
574370,913981,-,Oliver Cheatham,5,R&B/Soul,-,31 déc. 1988,Get Down Saturday Night
433009739,180781,-,Talisco,3,Alternative,-,24 août 2018,Sun
288892093,688351,-,Barns Courtney,1,Alternative,-,27 janv. 2017,Glitter & Gold
413464224,402361,-,Jahyanai,3,Dance,-,27 avr. 2018,Dweet So
440586841,847944,-,French Montana Feat. Drake,3,Hip-hop/Rap,-,20 sept. 2018,No Stylist
433798595,195987,-,Martin Garrix & Justin Mylo Feat. Dewain Whitmore,3,Dance,-,14 sept. 2018,Burn Out
444656280,16891,-,Kimotion Feat. Joss Bari,3,Dance,-,20 oct. 2018,The Night We Met Remix
278162182,1948,-,The Pop Posse,-,-,-,-,Not About Angels
220193,2743392,5,Bill Withers,3,R&B/Soul,3.8,1 mai 1971,Ain't No Sunshine
432506987,442148,110,Rim'K Feat. Ninho,5,Hip-hop/Rap,4.8,21 sept. 2018,Air Max
446738117,25422,108,Jul,2,Hip-hop/Rap,3.5,-,Poussette
442101007,77288,62,Booba,3,Hip-hop/Rap,3.6,3 oct. 2018,BB
437991917,334637,-,Dan Balan Feat. Marley Waters,3,Dance,-,21 sept. 2018,Numa Numa 2
344059563,272216,-,Karizma,-,-,-,-,Work It Out
376324671,7809854,-,Tom Walker,1,Auteur-interprète,-,-,Leave A Light On
427073025,1627457,32,Bebe Rexha,4,Pop,4.8,22 juin 2018,I'm A Mess
418467645,4018105,-,Tyga Feat. Offset,3,Hip-hop/Rap,-,16 mai 2018,Taste
438400225,36121,-,Claudio Capéo,4,Variété française,-,-,Ta Main
412072803,8389510,39,Calvin Harris & Dua Lipa,3,Dance,4.2,6 avr. 2018,One Kiss
378073614,517317,110,P!nk,5,Pop,4.5,13 oct. 2017,Secrets
407804116,161609,80,Hoshi,4,Variété française,4.0,23 mars 2018,Femme À La Mer
442449591,111541,5,Major Lazer Feat. Tove Lo,1,Électronique,4.6,19 oct. 2018,Blow That Smoke
286572634,4872619,-,Naughty Boy Feat. Beyoncé & Arrow Benjamin,9,Pop,-,18 sept. 2015,Runnin' (Lose It All)
445146933,29209,151,Aya Nakamura,3,R&B/Soul,3.5,2 nov. 2018,Oula
448148312,14559,45,David Hallyday,4,Variété française,4.1,-,Ma Dernière Lettre
440180182,1234625,13,Rita Ora,5,Pop,4.8,23 nov. 2018,Let You Love Me
431847411,578233,-,Vegedream,3,Hip-hop/Rap,-,19 juil. 2018,Ramenez La Coupe À La Maison
422158445,214079,59,Lenny Kravitz,1,Rock,4.5,7 sept. 2018,Low (Edit)
359568795,3198764,8,Cecilia Krull,3,Bande originale,4.3,10 juin 2017,"My Life Is Going On (Música Original de la Serie de TV ""La Casa de Papel"")"
432521592,1419092,11,David Guetta Feat. Anne-Marie,3,Dance,3.0,26 juil. 2018,Don't Leave Me Alone
349500883,5191978,7,Dennis Lloyd,2,Pop,4.7,30 juin 2017,Nevermind
448388370,9554,-,Feder Feat. Bryce Vine & Dan Caplen,3,Dance,-,23 nov. 2018,Control
445466319,5725,-,L.B.ONE,2,Électronique,-,2 nov. 2018,Rue Des Abbesses
449560160,5077,-,M,-,-,-,-,Superchérie
411565603,3465074,-,Alvaro Soler,4,Pop en espagnol,-,21 sept. 2018,La Cintura
365455157,116908,-,Kimotion,1,Pop,-,28 juil. 2017,Once We Can Fly
218034,1621802,-,Al Green,3,Soul,-,31 janv. 1972,How Can You Mend A Broken Heart?
440739730,30119,-,Léa Paci,3,Variété française,-,21 sept. 2018,On Prend Des Notes
434202110,2810322,79,Travis Scott,5,Hip-hop/Rap,4.6,3 août 2018,SICKO MODE
403449389,32864,7,Eddy De Pretto,4,Variété française,5.0,19 janv. 2018,Random
441990739,1388828,7,Halsey,3,Alternative,5.0,4 oct. 2018,Without Me
428623599,363754,135,Kendji Girac,4,Variété française,3.6,31 août 2018,Pour Oublier
416003539,117928,11,Joyce Jonathan,5,Variété française,3.9,5 oct. 2018,On
373985776,160665,5,Elephanz,4,Alternative,4.4,13 oct. 2017,Maryland
207307861,39083,-,Andreas Scholl & Australian Brandenburg Orchestra & Paul Dyer,-,-,-,-,"Nisi Dominus, R.608: IV. ""Cum Dederit"" (Psalm 126;Andante)"
419333867,192348,110,Zazie,4,Variété française,3.8,7 sept. 2018,Speed
429772054,4712546,28,Drake,1,Hip-hop/Rap,4.1,29 juin 2018,In My Feelings
440701907,300703,5,Jonas Blue Feat. Liam Payne & Lennon Stella,3,Dance,5.0,5 oct. 2018,Polaroid
438055391,135797,49,Soprano,5,Hip-hop/Rap,3.4,9 nov. 2018,À La Vie À L'amour
434692640,262937,11,Niska,5,Hip-hop/Rap,4.1,10 août 2018,W.L.G
432961763,637394,5,Martin Garrix Feat. Bonn,3,Dance,4.8,30 juil. 2018,High On Life
446515860,60806,-,Martin Garrix & Mike Yung,3,Dance,-,1 nov. 2018,Dreamer
434922385,88836,213,Christine And The Queens,1,Alternative,3.2,21 sept. 2018,La Marcheuse
440206391,12427,37,Jérémy Frerot,3,Variété française,3.6,12 oct. 2018,Tu Donnes
327491882,763818,-,Jessie Reyez,1,R&B/Soul,-,21 avr. 2017,Figures
432568974,22638,-,"6ix9ine Feat. Nicki Minaj, Murda Beatz",3,Hip-hop/Rap,-,27 nov. 2018,Fefe
445146939,17544,151,Aya Nakamura,3,R&B/Soul,3.5,2 nov. 2018,Pookie
281558900,12865823,60,Imany,3,Dance,4.3,20 janv. 2016,Don't Be So Shy (Filatov & Karas Remix)
218112,1801134,-,Ronan Keating,5,Rock,-,16 avr. 2001,When You Say Nothing At All
437189289,396013,-,Alesso,3,Dance,-,31 août 2018,Remedy
438387803,1176553,10,Silk City & Dua Lipa Feat. Diplo & Mark Ronson,1,Pop,4.7,2 juin 2017,Electricity
408829716,8446446,17,Nicky Jam & J Balvin,2,Urban latin,4.4,2 mars 2018,X
415769092,765230,-,Cecilia Krull & Gavin Moss,2,Électronique,-,11 mai 2018,My Life Is Going On (Cecilia Krull vs. Gavin Moss)
439714638,277183,-,Tyga,2,Hip-hop/Rap,-,18 sept. 2018,Dip
434954794,102966,-,Sound Of Legend,3,Dance,-,7 sept. 2018,Hold That Sucker Down
53063632,8341108,241,Lykke Li,4,Alternative,4.2,28 févr. 2010,I Follow Rivers (The Magician Remix)
438689622,224840,32,Zaz,5,Pop,3.3,16 nov. 2018,Qué Vendrá
373041413,54606,171,Indochine,2,Rock,4.1,8 sept. 2017,Song For A Dream
433873297,1861600,-,Bazzi Feat. Camila Cabello,3,Pop,-,2 août 2018,Beautiful
439575216,1286640,-,"Gucci Mane, Bruno Mars & Kodak Black",3,Hip-hop/Rap,-,14 sept. 2018,Wake Up In The Sky
441395941,77562,-,Nils Van Zandt,2,Dance,-,5 oct. 2018,On My Way
40111843,4605334,8,Keane,1,Rock,4.9,16 févr. 2004,Somewhere Only We Know
380117078,226886,196,Dadju,1,R&B/Soul,4.5,24 nov. 2017,Lionne
410399211,1696890,-,Matt Simons,2,Pop,-,4 avr. 2018,We Can Do Better
429234799,307450,73,Bigflo & Oli & Petit Biscuit,1,Hip-hop/Rap,4.3,23 nov. 2018,Demain (Bigflo & Oli X Petit Biscuit)
20067761,1148362,-,Jermaine Jackson & Pia Zadora,1,Pop,-,14 avr. 1984,When The Rain Begins To Fall
440477765,6217,-,aka George,3,Pop,-,8 oct. 2018,Stone Cold Classic 3000
372962066,287586,62,Eddy De Pretto,1,Variété française,4.7,6 oct. 2017,Kid
442995330,115318,-,Robin Schulz Feat. Erika Sirola,3,Dance,-,16 nov. 2018,Speechless
444408030,33270,-,Absoyes Feat. Ninho,3,Hip-hop/Rap,-,5 nov. 2018,La Vie Qu'on Mène
260440248,147341,62,Kaleo,4,Alternative,4.7,10 juin 2016,I Can't Go On Without You
402772917,20704,12,Eels,4,Alternative,4.3,6 avr. 2018,Bone Dry
424968534,29512,9,VSO,3,Hip-hop/Rap,5.0,29 juin 2018,Toréador
103547800,7186,52,Coeur De Pirate,4,Pop,4.2,14 janv. 2014,Ain't No Sunshine
428436961,516443,10,Kungs & Stargate Feat. GOLDN,3,Dance,4.2,22 juin 2018,Be Right Here
416663686,553535,44,Dosseh,5,Hip-hop/Rap,4.2,6 juil. 2018,Habitué
421777646,1979106,47,A$AP Rocky Feat. Skepta,5,Hip-hop/Rap,4.5,25 mai 2018,Praise The Lord (Da Shine)
416911985,38260,-,Cameron,2,Pop,-,18 mai 2018,Je Laisse Passer
436604033,66820,237,Jenifer,1,Variété française,4.5,26 oct. 2018,Notre Idylle
45911930,249994,7,Bryn Christopher,7,Hip-hop/Rap,4.9,8 juin 2008,The Quest
441181008,175242,-,Kygo Feat. Sandro Cavazza,3,Dance,-,26 oct. 2018,Happy Now
365203205,124513,-,Calogero,5,Variété française,-,25 août 2017,1987
375565156,50384,28,Patrick Fiori,3,Variété française,4.1,29 sept. 2017,Les Gens Qu'on Aime
439309038,781571,-,Khalid,3,R&B/Soul,-,14 sept. 2018,Better
446503379,134640,-,D'Angelo,-,-,-,-,Unshaken
407605619,1855300,7,Imagine Dragons,4,Alternative,5.0,23 juin 2017,Next To Me
435692655,90399,-,Koba LaD,3,Hip-hop/Rap,-,17 août 2018,La C
432847704,86623,-,Maes,2,Hip-hop/Rap,-,27 juil. 2018,Billets Verts
56567320,6526854,5,Emeli Sandé,1,Pop,4.6,10 févr. 2012,"Read All About It, Part III"
410647825,70501,8,Måns Zelmerlöw,3,Pop,4.8,2 déc. 2016,Happyland (Ce Monde Parfait)
444413126,24742,140,Eva,3,R&B/Soul,4.2,26 oct. 2018,Mood
438559787,30774,-,4Keus Gang & Doks,3,Hip-hop/Rap,-,26 sept. 2018,Polia
416805370,1141534,17,"LSD Feat. Sia, Diplo & Labrinth",3,Pop,4.8,10 mai 2018,Audio
280647410,2202815,-,Rodrigo Amarante,1,Bandes télé,-,18 sept. 2015,Tuyo
442009655,531765,20,Little Mix Feat. Nicki Minaj,3,Pop,4.8,12 oct. 2018,Woman Like Me
431364208,451397,32,Muse,3,Alternative,2.8,19 juil. 2018,Something Human
219959,3884290,-,Queen,1,Rock,-,21 nov. 1975,Bohemian Rhapsody
381511576,94175,-,Patrick Watson,4,Alternative,-,16 nov. 2017,Broken
451311659,26149,-,6ix9ine Feat. Nicki Minaj & Kanye West,3,Hip-hop/Rap,-,27 nov. 2018,MAMA
443516869,27072,90,Soolking,4,Hip-hop/Rap,4.3,2 nov. 2018,Vroom Vroom
2884813,7509109,11,4 Non Blondes,4,Rock,4.9,1 janv. 1992,What's Up?
440179084,43304,106,Patrick Bruel,5,Variété française,3.2,2 nov. 2018,Tout Recommencer
412157666,79784,-,Kimotion,3,Dance,-,8 juin 2018,Over That Girl
449101152,47842,-,Billie Eilish,3,Alternative,-,20 nov. 2018,come out and play
445112226,373774,5,Clean Bandit Feat. Marina and the Diamonds & Luis Fonsi,5,Dance,4.8,30 nov. 2018,Baby
449041573,9792,-,Banx & Ranx & Zaho Feat. Sean Paul,3,Dance,-,13 nov. 2018,Ego
10472897,67769,-,Geordie,1,Rock,-,22 nov. 2010,House Of The Rising Sun
447393977,12286,-,Asakura,2,Hip-hop/Rap,-,1 nov. 2018,Tekale
225450,1210866,92,Portishead,4,Électronique,4.6,1 janv. 1994,Glory Box
412814005,1620146,151,Aya Nakamura,3,R&B/Soul,3.5,2 nov. 2018,DJadja
219983,1783980,-,Queen,4,Rock,-,10 nov. 1978,Don't Stop Me Now
416471643,23413,5,Aöme,3,Variété française,5.0,17 mai 2018,Mille Couronnes
410801046,439050,74,Shawn Mendes,4,Pop,4.8,25 mai 2018,Lost In Japan
278319535,11699762,62,Kaleo,4,Alternative,4.7,10 juin 2016,Way Down We Go
353240669,795553,298,Vitaa,4,Pop,4.8,5 mai 2017,Un Peu De Rêve
161812454,6880,-,MurTor,-,-,-,-,Come And Get Your Love (Remix)
312058991,17535831,157,Kungs & Cookin' On 3 Burners,4,Dance,4.4,4 nov. 2016,This Girl
220200,1791160,-,Bill Withers,3,Pop,-,1 janv. 1977,Lovely Day
437163837,139964,42,Columbine,1,Hip-hop/Rap,4.4,28 sept. 2018,Adieu Bientôt
439318846,41991,29,Hornet La Frappe Feat. Ninho,5,Hip-hop/Rap,3.8,21 sept. 2018,Sheitana
445106747,3409,-,Kalash Criminel,-,-,-,-,Encore
298202984,8984118,136,LP,3,Alternative,4.4,9 déc. 2016,Lost On You
412961240,6510362,83,Cardi B & Bad Bunny & J Balvin,4,Hip-hop/Rap,3.5,6 avr. 2018,I Like It
450848192,37034,-,Meek Mill Feat. Anuel AA & Fabolous,3,Hip-hop/Rap,-,22 nov. 2018,Uptown Vibes
52157169,1694740,5,Breakbot Feat. Irfane,4,Électronique,4.8,14 sept. 2012,Baby I'm Yours
5169818,4397969,16,Nickelback,3,Rock,4.7,11 sept. 2001,How You Remind Me
442467403,238852,-,Anderson .Paak Feat. Kendrick Lamar,4,Hip-hop/Rap,-,4 oct. 2018,Tints
446738106,2829,-,Ju-L,-,-,-,-,La Zone En Personne
335744606,10745900,264,The Weeknd Feat. Daft Punk,1,R&B/Soul,4.7,25 nov. 2016,I Feel It Coming
5161533,4091623,-,Radiohead,1,Alternative,-,21 sept. 1992,Creep
430989253,68425,-,Boostee,2,R&B/Soul,-,20 juil. 2018,Nan Nan Nan
588416,3585458,6,Blackstreet Feat. Dr. Dre,1,R&B/Soul,4.8,1 janv. 1996,No Diggity
163045094,3143518,220,The Avener & Kadebostany,1,Électronique,4.4,19 janv. 2015,Castle In The Snow
447911110,2520,-,Bertrand Belin,4,Variété française,-,-,Choses Nouvelles
342514734,1959782,13,Ed Sheeran,4,Pop,4.5,3 mars 2017,Happier
273551,688830,-,Joe Cocker,5,Rock,-,7 oct. 1996,You Are So Beautiful
459379,5450638,-,Toto,2,Rock,-,30 sept. 2003,Africa
445215624,297191,-,Cardi B,3,Hip-hop/Rap,-,22 oct. 2018,Money
426993576,102247,-,Big Pineapple,2,Dance,-,29 juin 2018,Another Chance (Don Diablo Edit)
445106741,3062,-,Kalash Criminel,-,-,-,-,La Sacem De Florent Pagny
45708317,179398,25,Véronique Sanson,5,Variété française,4.0,21 sept. 2018,Chanson Sur Ma Drôle De Vie
40043173,184092,-,Yann Tiersen,3,Pop,-,3 févr. 2003,Summer 78
366057872,57445,-,Sigala & Ella Eyre,3,Dance,-,28 juil. 2017,Came Here For Love (Acoustic)
403649507,2161375,-,Daddy Yankee,3,Urban latin,-,18 janv. 2018,Dura
442381413,151723,13,Michael Bublé,4,Pop,4.8,16 nov. 2018,Love You Anymore
443357473,278828,-,Luis Fonsi & Ozuna,2,Pop en espagnol,-,19 oct. 2018,Imposible
437165653,59751,54,MHD Feat. Dadju,1,Hip-hop/Rap,4.6,19 sept. 2018,Bébé
40943911,67004,56,Antony & The Johnsons,3,Alternative,4.8,1 févr. 2005,You Are My Sister
443282292,54836,-,Tiësto,2,Dance,-,26 oct. 2018,Grapevine
438689037,36453,18,Vanessa Paradis,2,Variété française,3.9,14 sept. 2018,Ces Mots Simples
5166927,6481701,-,Coolio Feat. L.V.,1,Hip-hop/Rap,-,2 oct. 1995,Gangsta's Paradise
442988782,6462,-,QQUN,3,Pop,-,26 oct. 2018,Ca Ira Mieux
435215761,11455,-,Superfunk,1,House,-,5 nov. 2018,Chinatown (Original Mix)
360002308,1189097,-,Dopebwoy Feat. Chivv & 3robi,3,Hip-hop/Rap,-,15 déc. 2017,Cartier
442318527,16914,-,Gaël Faye Feat. Flavia Coelho,2,Hip-hop/Rap,-,2 nov. 2018,Balade Brésilienne
5884434,5597214,-,Foreigner,4,Rock,-,7 déc. 1984,I Want To Know What Love Is
40004674,5287619,-,Hoobastank,1,Rock,-,1 janv. 2004,The Reason
232569,5254825,-,A-Ha,4,Pop,-,1 juin 1985,Take On Me
347294701,9973032,178,Harry Styles,4,Pop,4.6,12 mai 2017,Sign Of The Times
434847442,752126,311,Ariana Grande,4,Pop,4.7,17 août 2018,Breathin
427973548,14389,24,Synapson Feat. Holly,4,Électronique,4.3,22 juin 2018,Build Me Up
5919920,2182459,35,Mariah Carey,3,Fêtes,4.6,29 oct. 1994,All I Want For Christmas Is You
89397803,18140563,-,John Legend,4,R&B/Soul,-,30 août 2013,All Of Me
433357356,188238,-,KPoint Feat. Ninho,3,Hip-hop/Rap,-,30 juil. 2018,Ma 6t A Craqué
440467832,502291,-,DJ 6rb & Bonde R300 Feat. Xang & Mayklove,2,Baile funk,-,17 sept. 2018,Oh Nanana (Remix)
342514741,16202291,293,Ed Sheeran,5,Pop,4.5,3 mars 2017,Perfect
404017423,1675643,85,Lartiste Feat. Caroliina,4,Hip-hop/Rap,3.9,23 févr. 2018,Mafiosa
427438467,211831,16,Angèle,3,Variété française,4.4,20 juin 2018,La Thune
449095508,2499,-,Mac Tyer Feat. Kaaris & Sofiane,-,-,-,-,Il Se Passe Quoi
413462347,49409,17,KeBlack,1,Hip-hop/Rap,4.4,11 mai 2018,On Rigolait
443038467,19646,-,Kalash Criminel,-,-,-,-,Sombre
377906759,85074,503,Orelsan,5,Hip-hop/Rap,4.5,20 oct. 2017,Paradis
64245611,633110,10,Jonathan Clay,3,Auteur-interprète,4.2,19 juil. 2012,Heart On Fire
419241177,13541,-,Shake Shake Go,1,Alternative,-,1 juin 2018,Come Back To Me
443396233,12655,6,I.K (TLF) Feat. Lartiste,3,Variété française,2.3,19 oct. 2018,Ella
343504803,272893,-,Lewis Capaldi,3,Alternative,-,16 mai 2017,Bruises
342450775,14324728,17,Portugal. The Man,3,Alternative,4.0,15 juin 2017,Feel It Still
445065974,15546,-,"Chris Brown, Jeremih, Wiz Khalifa, Ty Dolla $Ign & MihTy",3,R&B/Soul,-,26 oct. 2018,Surrounded
408195472,496465,-,Starboy,4,Musiques du monde,-,21 févr. 2018,Socco
445147356,2079,73,"Soprano, Bigflo & Oli & Black M",1,Hip-hop/Rap,4.3,23 nov. 2018,C'est Que Du Rap
157480435,459894,10,Katie Melua,4,Pop,4.6,28 août 2015,Wonderful Life
5575864,108491,-,Davina,5,Bande originale,-,12 août 1997,So Good
374244185,12871738,33,Post Malone Feat. 21 Savage,1,Hip-hop/Rap,4.7,27 avr. 2018,rockstar
331942,2411303,12,Midnight Oil,4,Rock,4.6,22 juin 1987,Beds Are Burning
440807202,181262,205,Lady Gaga & Bradley Cooper,1,Bande originale,4.7,5 oct. 2018,I'll Never Love Again (Film Version)
44961393,6120413,-,Timbaland Feat. OneRepublic,1,Hip-hop/Rap,-,3 avr. 2007,Apologize
305314588,329355,31,Naive New Beaters Feat. Izia,4,Variété française,4.4,22 juil. 2016,Heal Tomorrow
108867060,12259206,24,Sia,1,Pop,4.2,4 juil. 2014,Chandelier
445665371,105758,43,Imagine Dragons,5,Alternative,4.7,9 nov. 2018,Bad Liar
338965882,17616251,13,Ed Sheeran,4,Pop,4.5,3 mars 2017,Shape Of You
574370,913981,-,Oliver Cheatham,5,R&B/Soul,-,31 déc. 1988,Get Down Saturday Night
402107013,3018731,11,The Prince Karma,4,Dance,3.9,15 juin 2018,Later Bitches
427101360,2169854,205,Lady Gaga & Bradley Cooper,1,Bande originale,4.7,5 oct. 2018,Shallow
444295408,126631,-,Marnik & SMACK,3,Dance,-,26 oct. 2018,Gam Gam
448518908,160096,-,Reneé Dominique,-,-,-,-,Somewhere Only We Know
462933,2756008,-,Redbone,3,Rock,-,1 nov. 1973,Come And Get Your Love
434628736,3322514,23,LSD Feat. Sia & Diplo & Labrinth,3,Pop,4.5,9 août 2018,Thunderclouds
437624347,234125,133,Angele & Roméo Elvis,4,Variété française,3.9,5 oct. 2018,Tout Oublier
408576846,3253101,12,George Ezra,3,Auteur-interprète,4.8,23 mars 2018,Shotgun
440557235,2799284,32,DJ Snake Feat. Selena Gomez & Ozuna & Cardi B,3,Dance,3.9,28 sept. 2018,Taki Taki
416737862,1258786,-,Bad Bunny Feat. Drake,3,Latino,-,11 oct. 2018,MIA
435950080,4473264,23,Calvin Harris & Sam Smith,3,Dance,3.8,17 août 2018,Promises
430776855,3751159,43,Imagine Dragons,5,Alternative,4.7,9 nov. 2018,Natural
428550515,3286330,-,Dean Lewis,3,Auteur-interprète,-,29 juin 2018,Be Alright
315340265,815170,34,Trois Cafés Gourmands,4,Variété française,3.5,5 oct. 2018,À Nos Souvenirs
438654695,724080,-,David Guetta & Bebe Rexha & J Balvin,-,-,-,-,Say My Name
434582314,346479,22,Amir,1,Variété française,3.1,27 oct. 2017,Longtemps
436997087,603843,-,Ofenbach Feat. Benjamin Ingrosso,2,Électronique,-,24 août 2018,Paradise
441465736,364366,34,Dadju,1,R&B/Soul,4.2,5 oct. 2018,Jaloux
437075267,415434,31,Vitaa & Slimane,1,Pop,4.2,28 sept. 2018,Je Te Le Donne
444645088,103676,20,Maes Feat. Booba,3,Hip-hop/Rap,4.0,26 oct. 2018,Madrina
383727904,8294229,12,Dynoro & Gigi D’Agostino,3,Dance,4.0,15 nov. 2017,In My Mind
439560547,674694,11,Lil Peep & XXXTENTACION,3,Hip-hop/Rap,4.6,19 sept. 2018,Falling Down
443928333,116133,119,SCH,1,Hip-hop/Rap,4.4,19 oct. 2018,Le Code
405134063,956121,88,XXXTENTACION,3,Pop,4.8,16 mars 2018,Moonlight
443321905,1025119,-,Kodak Black Feat. Offset & Travis Scott,3,Hip-hop/Rap,-,12 oct. 2018,ZEZE
431669682,234727,-,Keanu Silva,3,Dance,-,27 juil. 2018,Fine Day
447492889,41030,-,Orelsan Feat. Damso,-,-,-,-,Rêves Bizarres
438520189,352165,10,Soolking,3,Hip-hop/Rap,4.5,12 sept. 2018,Dalida
435799506,156803,60,RK,5,Hip-hop/Rap,4.2,21 sept. 2018,Bae
445954225,94408,49,Soprano Feat. Niska,5,Hip-hop/Rap,3.4,9 nov. 2018,Zoum
384245663,198678,-,Clara Luciani,3,Variété française,-,6 déc. 2017,La Grenade
420162954,166475,-,Kaïzer Panda Feat. Kelyan Muller,3,Dance,-,6 juil. 2018,Hum
374705210,1551769,-,Sheck Wes,-,-,-,-,Mo Bamba
439216406,137069,6,Lomepal Feat. Roméo Elvis,3,Hip-hop/Rap,4.8,17 sept. 2018,1000°c
436563638,508864,-,Lost Frequencies Feat. The NGHBRS,3,Électronique,-,14 sept. 2018,Like I Love You
417333490,6829022,11,Maroon 5 Feat. Cardi B,1,Pop,3.8,3 nov. 2017,Girls Like You
446463680,50075,19,Booba & Bramsito,3,Hip-hop/Rap,4.2,2 nov. 2018,Sale Mood
367497694,150147,-,Bon Entendeur,3,Variété française,-,27 juil. 2018,Le Temps Est Bon
427958367,946892,-,Gaullin,2,Pop,-,7 sept. 2018,Moonlight
407592725,4791254,6,Juice WRLD,4,Hip-hop/Rap,4.5,23 mai 2018,Lucid Dreams
435160184,2815562,-,Marshmello & Bastille,3,Dance,-,17 août 2018,Happier
417547217,526710,7,Diva Faune Feat. Léa Paci,3,Pop,5.0,25 mai 2018,Get Up (French Edit)
414883687,339447,-,SHAED,1,Pop,-,21 sept. 2018,Trampoline
429946780,3348990,-,"Benny Blanco, Halsey & Khalid",2,Pop,-,13 juil. 2018,Eastside
439164311,253222,25,Suprême NTM & Sofiane,3,Hip-hop/Rap,4.8,14 sept. 2018,Sur Le Drapeau
418888835,2743190,16,Panic! At The Disco,3,Alternative,4.5,22 juin 2018,High Hopes
429024275,101843,108,Jain,3,Pop,3.6,24 août 2018,Oh Man
447549756,354690,29,Ariana Grande,3,Pop,4.9,3 nov. 2018,"thank u, next"
420368420,909537,-,Ava Max,3,Pop,-,17 août 2018,Sweet But Psycho
434179154,511537,7,XXXTENTACION & Lil Pump Feat. Swae Lee & Maluma,3,Hip-hop/Rap,5.0,25 oct. 2018,Arms Around You
267041500,10833216,223,The Weeknd,1,R&B/Soul,4.7,28 août 2015,The Hills
409690904,202240,33,Maître Gims,2,Hip-hop/Rap,3.3,24 août 2018,Le Pire
439318839,169569,29,Hornet La Frappe Feat. Lacrim,5,Hip-hop/Rap,3.8,21 sept. 2018,Rolls
426805450,850909,-,Kris Kross Amsterdam & The Boy Next Door Feat. Conor Maynard,2,Dance,-,22 juin 2018,Whenever
435315264,501054,-,Black Coffee & David Guetta Feat. Delilah Montagu,7,Dance,-,24 août 2018,Drive (Edit)
428184648,173833,30,The Blaze,3,Électronique,4.0,7 sept. 2018,She
445147332,41868,73,Bigflo & Oli,1,Hip-hop/Rap,4.3,23 nov. 2018,Plus Tard
411299043,231832,-,Lude Feat. Trevor De Verteuil,3,Dance,-,6 avr. 2018,Missing You
428476235,66285,23,Boulevard Des Airs,3,Variété française,3.0,31 août 2018,Tout Le Temps
430330972,1183376,-,Zedd & Elley Duhé,3,Dance,-,18 juil. 2018,Happy Now
431617435,490122,54,MHD Feat. WizKid,1,Hip-hop/Rap,4.6,19 sept. 2018,Bella
436156821,1409384,6,Jason Derulo & David Guetta feat. Nicki Minaj & Willy William,3,Pop,5.0,24 août 2018,Goodbye
443350218,12059,69,Gringe Feat. Léa Castel,5,Hip-hop/Rap,4.7,2 nov. 2018,Scanner
373958382,366374,-,Jacob Banks,5,R&B/Soul,-,2 nov. 2018,Unknown (To You)
438720646,1184113,-,Kanye West & Lil Pump,2,Hip-hop/Rap,-,6 sept. 2018,I Love It
429392474,1106386,-,Fisher,4,Dance,-,13 juil. 2018,Losing It
410661491,3504538,74,Shawn Mendes,4,Pop,4.8,25 mai 2018,In My Blood
441424734,21668,-,Ridsa Feat. Eva Guess,3,Variété française,-,5 oct. 2018,On S'est Manqué
419738945,1034186,108,Jain,3,Pop,3.6,24 août 2018,Alright
437107209,72021,48,PLK,4,Hip-hop/Rap,4.6,5 oct. 2018,Monégasque (Explicit)
377429416,100085,197,Louane,4,Variété française,3.9,10 nov. 2017,Midi Sur Novembre
445146936,29215,151,Aya Nakamura Feat. Niska,3,R&B/Soul,3.5,2 nov. 2018,Sucette
413103901,5552398,26,5 Seconds Of Summer,5,Pop,4.5,15 juin 2018,Youngblood
433217135,91942,135,Kendji Girac,4,Variété française,3.6,31 août 2018,Tiago
434336109,32747,48,Youssoupha,4,Hip-hop/Rap,4.5,28 sept. 2018,Par Amour
427660020,2162857,-,Kygo & Imagine Dragons,3,Pop,-,15 juin 2018,Born To Be Yours
378918899,4207863,-,Loud Luxury Feat. Brando,4,Dance,-,20 juil. 2018,Body
437075280,300429,151,Aya Nakamura,3,R&B/Soul,3.5,2 nov. 2018,Copines
449901842,9348,-,Imen Es,-,-,-,-,Attentat
442173657,868816,-,Post Malone & Swae Lee,2,Bande originale,-,18 oct. 2018,Sunflower (Spider-Man: Into the Spider-Verse)
441014449,716295,74,Shawn Mendes & Zedd,4,Pop,4.8,25 mai 2018,Lost In Japan (Remix)
431962383,247545,-,Dimitri Vegas & Like Mike & KSHMR,3,Dance,-,22 juil. 2018,Opa
442686834,132831,-,Sia,4,Pop,-,12 oct. 2018,I'm Still Here
113711910,491315,-,Lee Mashup Feat. Stone Warley & Co,1,Dance,-,1 juin 2015,Hum Connection
413052016,3015085,-,"Nicky Jam, Ozuna, Darell, Nio Garcia, Bad Bunny & Casper Magico",6,Urban latin,-,13 avr. 2018,Te Boté (Remix)
441078995,68956,60,Koba LaD,4,Hip-hop/Rap,3.7,28 sept. 2018,Chambre 122
373440437,10434402,50,ZAYN Feat. Sia,4,Pop,4.7,8 sept. 2017,Dusk Till Dawn
429702613,262813,37,Jérémy Frerot,3,Variété française,3.6,12 oct. 2018,Revoir
419208135,1765884,-,Armin Van Buuren,3,Dance,-,18 mai 2018,Blah Blah Blah
444318233,47024,-,"LSD Feat. Sia, Diplo & Labrinth",3,Pop,-,26 oct. 2018,Thunderclouds (Lost Frequencies Remix)
45225229,1011378,-,Kanye West Feat. Dwele,5,Hip-hop/Rap,-,11 sept. 2007,Flashing Lights
443938741,23151,-,Sound Of Legend,2,Dance,-,9 nov. 2018,Hold That Sucker Down (Vocal Mix)
416888150,8941343,21,Clean Bandit Feat. Demi Lovato,3,Dance,4.7,18 mai 2018,Solo
417811071,2981733,-,Jonas Blue Feat. Jack & Jack,4,Dance,-,9 nov. 2018,Rise
427230040,1914770,18,6IX9INE Feat. Nicki Minaj & Murda Beatz,2,Hip-hop/Rap,4.6,22 juil. 2018,FEFE
383639793,924696,80,Hoshi,4,Variété française,4.0,23 mars 2018,Ta Marinière
428882462,36356,44,Dosseh,5,Hip-hop/Rap,4.2,6 juil. 2018,A Chaque Jour.
445146938,26079,151,Aya Nakamura,3,R&B/Soul,3.5,2 nov. 2018,La Dot
448238590,54510,-,6ix9ine Feat. Tory Lanez,3,Hip-hop/Rap,-,27 nov. 2018,KIKA
335296072,409434,8,Måns Zelmerlöw,3,Pop,4.8,2 déc. 2016,Happyland
