,#_Shazam_fr,#_votes_itunes,Artiste,Duree,Genre,ID,Note_Moyenne_itunes,Sortie,Title,Unnamed: 0,Unnamed: 0.1
0,180781,-,Talisco,3,Alternative,433009739,-,24 août 2018,Sun,,
1,688351,-,Barns Courtney,1,Alternative,288892093,-,27 janv. 2017,Glitter & Gold,,
2,402361,-,Jahyanai,3,Dance,413464224,-,27 avr. 2018,Dweet So,,
3,847944,-,French Montana Feat. Drake,3,Hip-hop/Rap,440586841,-,20 sept. 2018,No Stylist,,
4,195987,-,Martin Garrix & Justin Mylo Feat. Dewain Whitmore,3,Dance,433798595,-,14 sept. 2018,Burn Out,,
5,16891,-,Kimotion Feat. Joss Bari,3,Dance,444656280,-,20 oct. 2018,The Night We Met Remix,,
6,1948,-,The Pop Posse,-,-,278162182,-,-,Not About Angels,,
7,2743392,5,Bill Withers,3,R&B/Soul,220193,3.8,1 mai 1971,Ain't No Sunshine,,
8,442148,110,Rim'K Feat. Ninho,5,Hip-hop/Rap,432506987,4.8,21 sept. 2018,Air Max,,
9,25422,108,Jul,2,Hip-hop/Rap,446738117,3.5,-,Poussette,,
10,77288,62,Booba,3,Hip-hop/Rap,442101007,3.6,3 oct. 2018,BB,,
11,334637,-,Dan Balan Feat. Marley Waters,3,Dance,437991917,-,21 sept. 2018,Numa Numa 2,,
12,272216,-,Karizma,-,-,344059563,-,-,Work It Out,,
13,7809854,-,Tom Walker,1,Auteur-interprète,376324671,-,-,Leave A Light On,,
14,1627457,32,Bebe Rexha,4,Pop,427073025,4.8,22 juin 2018,I'm A Mess,,
15,4018105,-,Tyga Feat. Offset,3,Hip-hop/Rap,418467645,-,16 mai 2018,Taste,,
16,36121,-,Claudio Capéo,4,Variété française,438400225,-,-,Ta Main,,
17,8389510,39,Calvin Harris & Dua Lipa,3,Dance,412072803,4.2,6 avr. 2018,One Kiss,,
18,517317,110,P!nk,5,Pop,378073614,4.5,13 oct. 2017,Secrets,,
19,161609,80,Hoshi,4,Variété française,407804116,4.0,23 mars 2018,Femme À La Mer,,
20,111541,5,Major Lazer Feat. Tove Lo,1,Électronique,442449591,4.6,19 oct. 2018,Blow That Smoke,,
21,4872619,-,Naughty Boy Feat. Beyoncé & Arrow Benjamin,9,Pop,286572634,-,18 sept. 2015,Runnin' (Lose It All),,
22,29209,151,Aya Nakamura,3,R&B/Soul,445146933,3.5,2 nov. 2018,Oula,,
23,14559,45,David Hallyday,4,Variété française,448148312,4.1,-,Ma Dernière Lettre,,
24,1234625,13,Rita Ora,5,Pop,440180182,4.8,23 nov. 2018,Let You Love Me,,
25,578233,-,Vegedream,3,Hip-hop/Rap,431847411,-,19 juil. 2018,Ramenez La Coupe À La Maison,,
26,214079,59,Lenny Kravitz,1,Rock,422158445,4.5,7 sept. 2018,Low (Edit),,
27,3198764,8,Cecilia Krull,3,Bande originale,359568795,4.3,10 juin 2017,"My Life Is Going On (Música Original de la Serie de TV ""La Casa de Papel"")",,
28,1419092,11,David Guetta Feat. Anne-Marie,3,Dance,432521592,3.0,26 juil. 2018,Don't Leave Me Alone,,
29,5191978,7,Dennis Lloyd,2,Pop,349500883,4.7,30 juin 2017,Nevermind,,
30,9554,-,Feder Feat. Bryce Vine & Dan Caplen,3,Dance,448388370,-,23 nov. 2018,Control,,
31,5725,-,L.B.ONE,2,Électronique,445466319,-,2 nov. 2018,Rue Des Abbesses,,
32,5077,-,M,-,-,449560160,-,-,Superchérie,,
33,3465074,-,Alvaro Soler,4,Pop en espagnol,411565603,-,21 sept. 2018,La Cintura,,
34,116908,-,Kimotion,1,Pop,365455157,-,28 juil. 2017,Once We Can Fly,,
35,1621802,-,Al Green,3,Soul,218034,-,31 janv. 1972,How Can You Mend A Broken Heart?,,
36,30119,-,Léa Paci,3,Variété française,440739730,-,21 sept. 2018,On Prend Des Notes,,
37,2810322,79,Travis Scott,5,Hip-hop/Rap,434202110,4.6,3 août 2018,SICKO MODE,,
38,32864,7,Eddy De Pretto,4,Variété française,403449389,5.0,19 janv. 2018,Random,,
39,1388828,7,Halsey,3,Alternative,441990739,5.0,4 oct. 2018,Without Me,,
40,363754,135,Kendji Girac,4,Variété française,428623599,3.6,31 août 2018,Pour Oublier,,
41,117928,11,Joyce Jonathan,5,Variété française,416003539,3.9,5 oct. 2018,On,,
42,160665,5,Elephanz,4,Alternative,373985776,4.4,13 oct. 2017,Maryland,,
43,39083,-,Andreas Scholl & Australian Brandenburg Orchestra & Paul Dyer,-,-,207307861,-,-,"Nisi Dominus, R.608: IV. ""Cum Dederit"" (Psalm 126;Andante)",,
44,192348,110,Zazie,4,Variété française,419333867,3.8,7 sept. 2018,Speed,,
45,4712546,28,Drake,1,Hip-hop/Rap,429772054,4.1,29 juin 2018,In My Feelings,,
46,300703,5,Jonas Blue Feat. Liam Payne & Lennon Stella,3,Dance,440701907,5.0,5 oct. 2018,Polaroid,,
47,135797,49,Soprano,5,Hip-hop/Rap,438055391,3.4,9 nov. 2018,À La Vie À L'amour,,
48,262937,11,Niska,5,Hip-hop/Rap,434692640,4.1,10 août 2018,W.L.G,,
49,637394,5,Martin Garrix Feat. Bonn,3,Dance,432961763,4.8,30 juil. 2018,High On Life,,
50,60806,-,Martin Garrix & Mike Yung,3,Dance,446515860,-,1 nov. 2018,Dreamer,,
51,88836,213,Christine And The Queens,1,Alternative,434922385,3.2,21 sept. 2018,La Marcheuse,,
52,12427,37,Jérémy Frerot,3,Variété française,440206391,3.6,12 oct. 2018,Tu Donnes,,
53,763818,-,Jessie Reyez,1,R&B/Soul,327491882,-,21 avr. 2017,Figures,,
54,22638,-,"6ix9ine Feat. Nicki Minaj, Murda Beatz",3,Hip-hop/Rap,432568974,-,27 nov. 2018,Fefe,,
55,17544,151,Aya Nakamura,3,R&B/Soul,445146939,3.5,2 nov. 2018,Pookie,,
56,12865823,60,Imany,3,Dance,281558900,4.3,20 janv. 2016,Don't Be So Shy (Filatov & Karas Remix),,
57,1801134,-,Ronan Keating,5,Rock,218112,-,16 avr. 2001,When You Say Nothing At All,,
58,396013,-,Alesso,3,Dance,437189289,-,31 août 2018,Remedy,,
59,1176553,10,Silk City & Dua Lipa Feat. Diplo & Mark Ronson,1,Pop,438387803,4.7,2 juin 2017,Electricity,,
60,8446446,17,Nicky Jam & J Balvin,2,Urban latin,408829716,4.4,2 mars 2018,X,,
61,765230,-,Cecilia Krull & Gavin Moss,2,Électronique,415769092,-,11 mai 2018,My Life Is Going On (Cecilia Krull vs. Gavin Moss),,
62,277183,-,Tyga,2,Hip-hop/Rap,439714638,-,18 sept. 2018,Dip,,
63,102966,-,Sound Of Legend,3,Dance,434954794,-,7 sept. 2018,Hold That Sucker Down,,
64,8341108,241,Lykke Li,4,Alternative,53063632,4.2,28 févr. 2010,I Follow Rivers (The Magician Remix),,
65,224840,32,Zaz,5,Pop,438689622,3.3,16 nov. 2018,Qué Vendrá,,
66,54606,171,Indochine,2,Rock,373041413,4.1,8 sept. 2017,Song For A Dream,,
67,1861600,-,Bazzi Feat. Camila Cabello,3,Pop,433873297,-,2 août 2018,Beautiful,,
68,1286640,-,"Gucci Mane, Bruno Mars & Kodak Black",3,Hip-hop/Rap,439575216,-,14 sept. 2018,Wake Up In The Sky,,
69,77562,-,Nils Van Zandt,2,Dance,441395941,-,5 oct. 2018,On My Way,,
70,4605334,8,Keane,1,Rock,40111843,4.9,16 févr. 2004,Somewhere Only We Know,,
71,226886,196,Dadju,1,R&B/Soul,380117078,4.5,24 nov. 2017,Lionne,,
72,1696890,-,Matt Simons,2,Pop,410399211,-,4 avr. 2018,We Can Do Better,,
73,307450,73,Bigflo & Oli & Petit Biscuit,1,Hip-hop/Rap,429234799,4.3,23 nov. 2018,Demain (Bigflo & Oli X Petit Biscuit),,
74,1148362,-,Jermaine Jackson & Pia Zadora,1,Pop,20067761,-,14 avr. 1984,When The Rain Begins To Fall,,
75,6217,-,aka George,3,Pop,440477765,-,8 oct. 2018,Stone Cold Classic 3000,,
76,287586,62,Eddy De Pretto,1,Variété française,372962066,4.7,6 oct. 2017,Kid,,
77,115318,-,Robin Schulz Feat. Erika Sirola,3,Dance,442995330,-,16 nov. 2018,Speechless,,
78,33270,-,Absoyes Feat. Ninho,3,Hip-hop/Rap,444408030,-,5 nov. 2018,La Vie Qu'on Mène,,
79,147341,62,Kaleo,4,Alternative,260440248,4.7,10 juin 2016,I Can't Go On Without You,,
80,20704,12,Eels,4,Alternative,402772917,4.3,6 avr. 2018,Bone Dry,,
81,29512,9,VSO,3,Hip-hop/Rap,424968534,5.0,29 juin 2018,Toréador,,
82,7186,52,Coeur De Pirate,4,Pop,103547800,4.2,14 janv. 2014,Ain't No Sunshine,,
83,516443,10,Kungs & Stargate Feat. GOLDN,3,Dance,428436961,4.2,22 juin 2018,Be Right Here,,
84,553535,44,Dosseh,5,Hip-hop/Rap,416663686,4.2,6 juil. 2018,Habitué,,
85,1979106,47,A$AP Rocky Feat. Skepta,5,Hip-hop/Rap,421777646,4.5,25 mai 2018,Praise The Lord (Da Shine),,
86,38260,-,Cameron,2,Pop,416911985,-,18 mai 2018,Je Laisse Passer,,
87,66820,237,Jenifer,1,Variété française,436604033,4.5,26 oct. 2018,Notre Idylle,,
88,249994,7,Bryn Christopher,7,Hip-hop/Rap,45911930,4.9,8 juin 2008,The Quest,,
89,175242,-,Kygo Feat. Sandro Cavazza,3,Dance,441181008,-,26 oct. 2018,Happy Now,,
90,124513,-,Calogero,5,Variété française,365203205,-,25 août 2017,1987,,
91,50384,28,Patrick Fiori,3,Variété française,375565156,4.1,29 sept. 2017,Les Gens Qu'on Aime,,
92,781571,-,Khalid,3,R&B/Soul,439309038,-,14 sept. 2018,Better,,
93,134640,-,D'Angelo,-,-,446503379,-,-,Unshaken,,
94,1855300,7,Imagine Dragons,4,Alternative,407605619,5.0,23 juin 2017,Next To Me,,
95,90399,-,Koba LaD,3,Hip-hop/Rap,435692655,-,17 août 2018,La C,,
96,86623,-,Maes,2,Hip-hop/Rap,432847704,-,27 juil. 2018,Billets Verts,,
97,6526854,5,Emeli Sandé,1,Pop,56567320,4.6,10 févr. 2012,"Read All About It, Part III",,
98,70501,8,Måns Zelmerlöw,3,Pop,410647825,4.8,2 déc. 2016,Happyland (Ce Monde Parfait),,
99,24742,140,Eva,3,R&B/Soul,444413126,4.2,26 oct. 2018,Mood,,
100,30774,-,4Keus Gang & Doks,3,Hip-hop/Rap,438559787,-,26 sept. 2018,Polia,,
101,1141534,17,"LSD Feat. Sia, Diplo & Labrinth",3,Pop,416805370,4.8,10 mai 2018,Audio,,
102,2202815,-,Rodrigo Amarante,1,Bandes télé,280647410,-,18 sept. 2015,Tuyo,,
103,531765,20,Little Mix Feat. Nicki Minaj,3,Pop,442009655,4.8,12 oct. 2018,Woman Like Me,,
104,451397,32,Muse,3,Alternative,431364208,2.8,19 juil. 2018,Something Human,,
105,3884290,-,Queen,1,Rock,219959,-,21 nov. 1975,Bohemian Rhapsody,,
106,94175,-,Patrick Watson,4,Alternative,381511576,-,16 nov. 2017,Broken,,
107,26149,-,6ix9ine Feat. Nicki Minaj & Kanye West,3,Hip-hop/Rap,451311659,-,27 nov. 2018,MAMA,,
108,27072,90,Soolking,4,Hip-hop/Rap,443516869,4.3,2 nov. 2018,Vroom Vroom,,
109,7509109,11,4 Non Blondes,4,Rock,2884813,4.9,1 janv. 1992,What's Up?,,
110,43304,106,Patrick Bruel,5,Variété française,440179084,3.2,2 nov. 2018,Tout Recommencer,,
111,79784,-,Kimotion,3,Dance,412157666,-,8 juin 2018,Over That Girl,,
112,47842,-,Billie Eilish,3,Alternative,449101152,-,20 nov. 2018,come out and play,,
113,373774,5,Clean Bandit Feat. Marina and the Diamonds & Luis Fonsi,5,Dance,445112226,4.8,30 nov. 2018,Baby,,
114,9792,-,Banx & Ranx & Zaho Feat. Sean Paul,3,Dance,449041573,-,13 nov. 2018,Ego,,
115,67769,-,Geordie,1,Rock,10472897,-,22 nov. 2010,House Of The Rising Sun,,
116,12286,-,Asakura,2,Hip-hop/Rap,447393977,-,1 nov. 2018,Tekale,,
117,1210866,92,Portishead,4,Électronique,225450,4.6,1 janv. 1994,Glory Box,,
118,1620146,151,Aya Nakamura,3,R&B/Soul,412814005,3.5,2 nov. 2018,DJadja,,
119,1783980,-,Queen,4,Rock,219983,-,10 nov. 1978,Don't Stop Me Now,,
120,23413,5,Aöme,3,Variété française,416471643,5.0,17 mai 2018,Mille Couronnes,,
121,439050,74,Shawn Mendes,4,Pop,410801046,4.8,25 mai 2018,Lost In Japan,,
122,11699762,62,Kaleo,4,Alternative,278319535,4.7,10 juin 2016,Way Down We Go,,
123,795553,298,Vitaa,4,Pop,353240669,4.8,5 mai 2017,Un Peu De Rêve,,
124,6880,-,MurTor,-,-,161812454,-,-,Come And Get Your Love (Remix),,
125,17535831,157,Kungs & Cookin' On 3 Burners,4,Dance,312058991,4.4,4 nov. 2016,This Girl,,
126,1791160,-,Bill Withers,3,Pop,220200,-,1 janv. 1977,Lovely Day,,
127,139964,42,Columbine,1,Hip-hop/Rap,437163837,4.4,28 sept. 2018,Adieu Bientôt,,
128,41991,29,Hornet La Frappe Feat. Ninho,5,Hip-hop/Rap,439318846,3.8,21 sept. 2018,Sheitana,,
129,3409,-,Kalash Criminel,-,-,445106747,-,-,Encore,,
130,8984118,136,LP,3,Alternative,298202984,4.4,9 déc. 2016,Lost On You,,
131,6510362,83,Cardi B & Bad Bunny & J Balvin,4,Hip-hop/Rap,412961240,3.5,6 avr. 2018,I Like It,,
132,37034,-,Meek Mill Feat. Anuel AA & Fabolous,3,Hip-hop/Rap,450848192,-,22 nov. 2018,Uptown Vibes,,
133,1694740,5,Breakbot Feat. Irfane,4,Électronique,52157169,4.8,14 sept. 2012,Baby I'm Yours,,
134,4397969,16,Nickelback,3,Rock,5169818,4.7,11 sept. 2001,How You Remind Me,,
135,238852,-,Anderson .Paak Feat. Kendrick Lamar,4,Hip-hop/Rap,442467403,-,4 oct. 2018,Tints,,
136,2829,-,Ju-L,-,-,446738106,-,-,La Zone En Personne,,
137,10745900,264,The Weeknd Feat. Daft Punk,1,R&B/Soul,335744606,4.7,25 nov. 2016,I Feel It Coming,,
138,4091623,-,Radiohead,1,Alternative,5161533,-,21 sept. 1992,Creep,,
139,68425,-,Boostee,2,R&B/Soul,430989253,-,20 juil. 2018,Nan Nan Nan,,
140,3585458,6,Blackstreet Feat. Dr. Dre,1,R&B/Soul,588416,4.8,1 janv. 1996,No Diggity,,
141,3143518,220,The Avener & Kadebostany,1,Électronique,163045094,4.4,19 janv. 2015,Castle In The Snow,,
142,2520,-,Bertrand Belin,4,Variété française,447911110,-,-,Choses Nouvelles,,
143,1959782,13,Ed Sheeran,4,Pop,342514734,4.5,3 mars 2017,Happier,,
144,688830,-,Joe Cocker,5,Rock,273551,-,7 oct. 1996,You Are So Beautiful,,
145,5450638,-,Toto,2,Rock,459379,-,30 sept. 2003,Africa,,
146,297191,-,Cardi B,3,Hip-hop/Rap,445215624,-,22 oct. 2018,Money,,
147,102247,-,Big Pineapple,2,Dance,426993576,-,29 juin 2018,Another Chance (Don Diablo Edit),,
148,3062,-,Kalash Criminel,-,-,445106741,-,-,La Sacem De Florent Pagny,,
149,179398,25,Véronique Sanson,5,Variété française,45708317,4.0,21 sept. 2018,Chanson Sur Ma Drôle De Vie,,
150,184092,-,Yann Tiersen,3,Pop,40043173,-,3 févr. 2003,Summer 78,,
151,57445,-,Sigala & Ella Eyre,3,Dance,366057872,-,28 juil. 2017,Came Here For Love (Acoustic),,
152,2161375,-,Daddy Yankee,3,Urban latin,403649507,-,18 janv. 2018,Dura,,
153,151723,13,Michael Bublé,4,Pop,442381413,4.8,16 nov. 2018,Love You Anymore,,
154,278828,-,Luis Fonsi & Ozuna,2,Pop en espagnol,443357473,-,19 oct. 2018,Imposible,,
155,59751,54,MHD Feat. Dadju,1,Hip-hop/Rap,437165653,4.6,19 sept. 2018,Bébé,,
156,67004,56,Antony & The Johnsons,3,Alternative,40943911,4.8,1 févr. 2005,You Are My Sister,,
157,54836,-,Tiësto,2,Dance,443282292,-,26 oct. 2018,Grapevine,,
158,36453,18,Vanessa Paradis,2,Variété française,438689037,3.9,14 sept. 2018,Ces Mots Simples,,
159,6481701,-,Coolio Feat. L.V.,1,Hip-hop/Rap,5166927,-,2 oct. 1995,Gangsta's Paradise,,
160,6462,-,QQUN,3,Pop,442988782,-,26 oct. 2018,Ca Ira Mieux,,
161,11455,-,Superfunk,1,House,435215761,-,5 nov. 2018,Chinatown (Original Mix),,
162,1189097,-,Dopebwoy Feat. Chivv & 3robi,3,Hip-hop/Rap,360002308,-,15 déc. 2017,Cartier,,
163,16914,-,Gaël Faye Feat. Flavia Coelho,2,Hip-hop/Rap,442318527,-,2 nov. 2018,Balade Brésilienne,,
164,5597214,-,Foreigner,4,Rock,5884434,-,7 déc. 1984,I Want To Know What Love Is,,
165,5287619,-,Hoobastank,1,Rock,40004674,-,1 janv. 2004,The Reason,,
166,5254825,-,A-Ha,4,Pop,232569,-,1 juin 1985,Take On Me,,
167,9973032,178,Harry Styles,4,Pop,347294701,4.6,12 mai 2017,Sign Of The Times,,
168,752126,311,Ariana Grande,4,Pop,434847442,4.7,17 août 2018,Breathin,,
169,14389,24,Synapson Feat. Holly,4,Électronique,427973548,4.3,22 juin 2018,Build Me Up,,
170,2182459,35,Mariah Carey,3,Fêtes,5919920,4.6,29 oct. 1994,All I Want For Christmas Is You,,
171,18140563,-,John Legend,4,R&B/Soul,89397803,-,30 août 2013,All Of Me,,
172,188238,-,KPoint Feat. Ninho,3,Hip-hop/Rap,433357356,-,30 juil. 2018,Ma 6t A Craqué,,
173,502291,-,DJ 6rb & Bonde R300 Feat. Xang & Mayklove,2,Baile funk,440467832,-,17 sept. 2018,Oh Nanana (Remix),,
174,16202291,293,Ed Sheeran,5,Pop,342514741,4.5,3 mars 2017,Perfect,,
175,1675643,85,Lartiste Feat. Caroliina,4,Hip-hop/Rap,404017423,3.9,23 févr. 2018,Mafiosa,,
176,211831,16,Angèle,3,Variété française,427438467,4.4,20 juin 2018,La Thune,,
177,2499,-,Mac Tyer Feat. Kaaris & Sofiane,-,-,449095508,-,-,Il Se Passe Quoi,,
178,49409,17,KeBlack,1,Hip-hop/Rap,413462347,4.4,11 mai 2018,On Rigolait,,
179,19646,-,Kalash Criminel,-,-,443038467,-,-,Sombre,,
180,85074,503,Orelsan,5,Hip-hop/Rap,377906759,4.5,20 oct. 2017,Paradis,,
181,633110,10,Jonathan Clay,3,Auteur-interprète,64245611,4.2,19 juil. 2012,Heart On Fire,,
182,13541,-,Shake Shake Go,1,Alternative,419241177,-,1 juin 2018,Come Back To Me,,
183,12655,6,I.K (TLF) Feat. Lartiste,3,Variété française,443396233,2.3,19 oct. 2018,Ella,,
184,272893,-,Lewis Capaldi,3,Alternative,343504803,-,16 mai 2017,Bruises,,
185,14324728,17,Portugal. The Man,3,Alternative,342450775,4.0,15 juin 2017,Feel It Still,,
186,15546,-,"Chris Brown, Jeremih, Wiz Khalifa, Ty Dolla $Ign & MihTy",3,R&B/Soul,445065974,-,26 oct. 2018,Surrounded,,
187,496465,-,Starboy,4,Musiques du monde,408195472,-,21 févr. 2018,Socco,,
188,2079,73,"Soprano, Bigflo & Oli & Black M",1,Hip-hop/Rap,445147356,4.3,23 nov. 2018,C'est Que Du Rap,,
189,459894,10,Katie Melua,4,Pop,157480435,4.6,28 août 2015,Wonderful Life,,
190,108491,-,Davina,5,Bande originale,5575864,-,12 août 1997,So Good,,
191,12871738,33,Post Malone Feat. 21 Savage,1,Hip-hop/Rap,374244185,4.7,27 avr. 2018,rockstar,,
192,2411303,12,Midnight Oil,4,Rock,331942,4.6,22 juin 1987,Beds Are Burning,,
193,181262,205,Lady Gaga & Bradley Cooper,1,Bande originale,440807202,4.7,5 oct. 2018,I'll Never Love Again (Film Version),,
194,6120413,-,Timbaland Feat. OneRepublic,1,Hip-hop/Rap,44961393,-,3 avr. 2007,Apologize,,
195,329355,31,Naive New Beaters Feat. Izia,4,Variété française,305314588,4.4,22 juil. 2016,Heal Tomorrow,,
196,12259206,24,Sia,1,Pop,108867060,4.2,4 juil. 2014,Chandelier,,
197,105758,43,Imagine Dragons,5,Alternative,445665371,4.7,9 nov. 2018,Bad Liar,,
198,17616251,13,Ed Sheeran,4,Pop,338965882,4.5,3 mars 2017,Shape Of You,,
199,913981,-,Oliver Cheatham,5,R&B/Soul,574370,-,31 déc. 1988,Get Down Saturday Night,,
0,180781,-,Talisco,3,Alternative,433009739,-,24 août 2018,Sun,0.0,
1,688351,-,Barns Courtney,1,Alternative,288892093,-,27 janv. 2017,Glitter & Gold,1.0,
2,402361,-,Jahyanai,3,Dance,413464224,-,27 avr. 2018,Dweet So,2.0,
3,847944,-,French Montana Feat. Drake,3,Hip-hop/Rap,440586841,-,20 sept. 2018,No Stylist,3.0,
4,195987,-,Martin Garrix & Justin Mylo Feat. Dewain Whitmore,3,Dance,433798595,-,14 sept. 2018,Burn Out,4.0,
5,16891,-,Kimotion Feat. Joss Bari,3,Dance,444656280,-,20 oct. 2018,The Night We Met Remix,5.0,
6,1948,-,The Pop Posse,-,-,278162182,-,-,Not About Angels,6.0,
7,2743392,5,Bill Withers,3,R&B/Soul,220193,3.8,1 mai 1971,Ain't No Sunshine,7.0,
8,442148,110,Rim'K Feat. Ninho,5,Hip-hop/Rap,432506987,4.8,21 sept. 2018,Air Max,8.0,
9,25422,108,Jul,2,Hip-hop/Rap,446738117,3.5,-,Poussette,9.0,
10,77288,62,Booba,3,Hip-hop/Rap,442101007,3.6,3 oct. 2018,BB,10.0,
11,334637,-,Dan Balan Feat. Marley Waters,3,Dance,437991917,-,21 sept. 2018,Numa Numa 2,11.0,
12,272216,-,Karizma,-,-,344059563,-,-,Work It Out,12.0,
13,7809854,-,Tom Walker,1,Auteur-interprète,376324671,-,-,Leave A Light On,13.0,
14,1627457,32,Bebe Rexha,4,Pop,427073025,4.8,22 juin 2018,I'm A Mess,14.0,
15,4018105,-,Tyga Feat. Offset,3,Hip-hop/Rap,418467645,-,16 mai 2018,Taste,15.0,
16,36121,-,Claudio Capéo,4,Variété française,438400225,-,-,Ta Main,16.0,
17,8389510,39,Calvin Harris & Dua Lipa,3,Dance,412072803,4.2,6 avr. 2018,One Kiss,17.0,
18,517317,110,P!nk,5,Pop,378073614,4.5,13 oct. 2017,Secrets,18.0,
19,161609,80,Hoshi,4,Variété française,407804116,4.0,23 mars 2018,Femme À La Mer,19.0,
20,111541,5,Major Lazer Feat. Tove Lo,1,Électronique,442449591,4.6,19 oct. 2018,Blow That Smoke,20.0,
21,4872619,-,Naughty Boy Feat. Beyoncé & Arrow Benjamin,9,Pop,286572634,-,18 sept. 2015,Runnin' (Lose It All),21.0,
22,29209,151,Aya Nakamura,3,R&B/Soul,445146933,3.5,2 nov. 2018,Oula,22.0,
23,14559,45,David Hallyday,4,Variété française,448148312,4.1,-,Ma Dernière Lettre,23.0,
24,1234625,13,Rita Ora,5,Pop,440180182,4.8,23 nov. 2018,Let You Love Me,24.0,
25,578233,-,Vegedream,3,Hip-hop/Rap,431847411,-,19 juil. 2018,Ramenez La Coupe À La Maison,25.0,
26,214079,59,Lenny Kravitz,1,Rock,422158445,4.5,7 sept. 2018,Low (Edit),26.0,
27,3198764,8,Cecilia Krull,3,Bande originale,359568795,4.3,10 juin 2017,"My Life Is Going On (Música Original de la Serie de TV ""La Casa de Papel"")",27.0,
28,1419092,11,David Guetta Feat. Anne-Marie,3,Dance,432521592,3.0,26 juil. 2018,Don't Leave Me Alone,28.0,
29,5191978,7,Dennis Lloyd,2,Pop,349500883,4.7,30 juin 2017,Nevermind,29.0,
30,9554,-,Feder Feat. Bryce Vine & Dan Caplen,3,Dance,448388370,-,23 nov. 2018,Control,30.0,
31,5725,-,L.B.ONE,2,Électronique,445466319,-,2 nov. 2018,Rue Des Abbesses,31.0,
32,5077,-,M,-,-,449560160,-,-,Superchérie,32.0,
33,3465074,-,Alvaro Soler,4,Pop en espagnol,411565603,-,21 sept. 2018,La Cintura,33.0,
34,116908,-,Kimotion,1,Pop,365455157,-,28 juil. 2017,Once We Can Fly,34.0,
35,1621802,-,Al Green,3,Soul,218034,-,31 janv. 1972,How Can You Mend A Broken Heart?,35.0,
36,30119,-,Léa Paci,3,Variété française,440739730,-,21 sept. 2018,On Prend Des Notes,36.0,
37,2810322,79,Travis Scott,5,Hip-hop/Rap,434202110,4.6,3 août 2018,SICKO MODE,37.0,
38,32864,7,Eddy De Pretto,4,Variété française,403449389,5.0,19 janv. 2018,Random,38.0,
39,1388828,7,Halsey,3,Alternative,441990739,5.0,4 oct. 2018,Without Me,39.0,
40,363754,135,Kendji Girac,4,Variété française,428623599,3.6,31 août 2018,Pour Oublier,40.0,
41,117928,11,Joyce Jonathan,5,Variété française,416003539,3.9,5 oct. 2018,On,41.0,
42,160665,5,Elephanz,4,Alternative,373985776,4.4,13 oct. 2017,Maryland,42.0,
43,39083,-,Andreas Scholl & Australian Brandenburg Orchestra & Paul Dyer,-,-,207307861,-,-,"Nisi Dominus, R.608: IV. ""Cum Dederit"" (Psalm 126;Andante)",43.0,
44,192348,110,Zazie,4,Variété française,419333867,3.8,7 sept. 2018,Speed,44.0,
45,4712546,28,Drake,1,Hip-hop/Rap,429772054,4.1,29 juin 2018,In My Feelings,45.0,
46,300703,5,Jonas Blue Feat. Liam Payne & Lennon Stella,3,Dance,440701907,5.0,5 oct. 2018,Polaroid,46.0,
47,135797,49,Soprano,5,Hip-hop/Rap,438055391,3.4,9 nov. 2018,À La Vie À L'amour,47.0,
48,262937,11,Niska,5,Hip-hop/Rap,434692640,4.1,10 août 2018,W.L.G,48.0,
49,637394,5,Martin Garrix Feat. Bonn,3,Dance,432961763,4.8,30 juil. 2018,High On Life,49.0,
50,60806,-,Martin Garrix & Mike Yung,3,Dance,446515860,-,1 nov. 2018,Dreamer,50.0,
51,88836,213,Christine And The Queens,1,Alternative,434922385,3.2,21 sept. 2018,La Marcheuse,51.0,
52,12427,37,Jérémy Frerot,3,Variété française,440206391,3.6,12 oct. 2018,Tu Donnes,52.0,
53,763818,-,Jessie Reyez,1,R&B/Soul,327491882,-,21 avr. 2017,Figures,53.0,
54,22638,-,"6ix9ine Feat. Nicki Minaj, Murda Beatz",3,Hip-hop/Rap,432568974,-,27 nov. 2018,Fefe,54.0,
55,17544,151,Aya Nakamura,3,R&B/Soul,445146939,3.5,2 nov. 2018,Pookie,55.0,
56,12865823,60,Imany,3,Dance,281558900,4.3,20 janv. 2016,Don't Be So Shy (Filatov & Karas Remix),56.0,
57,1801134,-,Ronan Keating,5,Rock,218112,-,16 avr. 2001,When You Say Nothing At All,57.0,
58,396013,-,Alesso,3,Dance,437189289,-,31 août 2018,Remedy,58.0,
59,1176553,10,Silk City & Dua Lipa Feat. Diplo & Mark Ronson,1,Pop,438387803,4.7,2 juin 2017,Electricity,59.0,
60,8446446,17,Nicky Jam & J Balvin,2,Urban latin,408829716,4.4,2 mars 2018,X,60.0,
61,765230,-,Cecilia Krull & Gavin Moss,2,Électronique,415769092,-,11 mai 2018,My Life Is Going On (Cecilia Krull vs. Gavin Moss),61.0,
62,277183,-,Tyga,2,Hip-hop/Rap,439714638,-,18 sept. 2018,Dip,62.0,
63,102966,-,Sound Of Legend,3,Dance,434954794,-,7 sept. 2018,Hold That Sucker Down,63.0,
64,8341108,241,Lykke Li,4,Alternative,53063632,4.2,28 févr. 2010,I Follow Rivers (The Magician Remix),64.0,
65,224840,32,Zaz,5,Pop,438689622,3.3,16 nov. 2018,Qué Vendrá,65.0,
66,54606,171,Indochine,2,Rock,373041413,4.1,8 sept. 2017,Song For A Dream,66.0,
67,1861600,-,Bazzi Feat. Camila Cabello,3,Pop,433873297,-,2 août 2018,Beautiful,67.0,
68,1286640,-,"Gucci Mane, Bruno Mars & Kodak Black",3,Hip-hop/Rap,439575216,-,14 sept. 2018,Wake Up In The Sky,68.0,
69,77562,-,Nils Van Zandt,2,Dance,441395941,-,5 oct. 2018,On My Way,69.0,
70,4605334,8,Keane,1,Rock,40111843,4.9,16 févr. 2004,Somewhere Only We Know,70.0,
71,226886,196,Dadju,1,R&B/Soul,380117078,4.5,24 nov. 2017,Lionne,71.0,
72,1696890,-,Matt Simons,2,Pop,410399211,-,4 avr. 2018,We Can Do Better,72.0,
73,307450,73,Bigflo & Oli & Petit Biscuit,1,Hip-hop/Rap,429234799,4.3,23 nov. 2018,Demain (Bigflo & Oli X Petit Biscuit),73.0,
74,1148362,-,Jermaine Jackson & Pia Zadora,1,Pop,20067761,-,14 avr. 1984,When The Rain Begins To Fall,74.0,
75,6217,-,aka George,3,Pop,440477765,-,8 oct. 2018,Stone Cold Classic 3000,75.0,
76,287586,62,Eddy De Pretto,1,Variété française,372962066,4.7,6 oct. 2017,Kid,76.0,
77,115318,-,Robin Schulz Feat. Erika Sirola,3,Dance,442995330,-,16 nov. 2018,Speechless,77.0,
78,33270,-,Absoyes Feat. Ninho,3,Hip-hop/Rap,444408030,-,5 nov. 2018,La Vie Qu'on Mène,78.0,
79,147341,62,Kaleo,4,Alternative,260440248,4.7,10 juin 2016,I Can't Go On Without You,79.0,
80,20704,12,Eels,4,Alternative,402772917,4.3,6 avr. 2018,Bone Dry,80.0,
81,29512,9,VSO,3,Hip-hop/Rap,424968534,5.0,29 juin 2018,Toréador,81.0,
82,7186,52,Coeur De Pirate,4,Pop,103547800,4.2,14 janv. 2014,Ain't No Sunshine,82.0,
83,516443,10,Kungs & Stargate Feat. GOLDN,3,Dance,428436961,4.2,22 juin 2018,Be Right Here,83.0,
84,553535,44,Dosseh,5,Hip-hop/Rap,416663686,4.2,6 juil. 2018,Habitué,84.0,
85,1979106,47,A$AP Rocky Feat. Skepta,5,Hip-hop/Rap,421777646,4.5,25 mai 2018,Praise The Lord (Da Shine),85.0,
86,38260,-,Cameron,2,Pop,416911985,-,18 mai 2018,Je Laisse Passer,86.0,
87,66820,237,Jenifer,1,Variété française,436604033,4.5,26 oct. 2018,Notre Idylle,87.0,
88,249994,7,Bryn Christopher,7,Hip-hop/Rap,45911930,4.9,8 juin 2008,The Quest,88.0,
89,175242,-,Kygo Feat. Sandro Cavazza,3,Dance,441181008,-,26 oct. 2018,Happy Now,89.0,
90,124513,-,Calogero,5,Variété française,365203205,-,25 août 2017,1987,90.0,
91,50384,28,Patrick Fiori,3,Variété française,375565156,4.1,29 sept. 2017,Les Gens Qu'on Aime,91.0,
92,781571,-,Khalid,3,R&B/Soul,439309038,-,14 sept. 2018,Better,92.0,
93,134640,-,D'Angelo,-,-,446503379,-,-,Unshaken,93.0,
94,1855300,7,Imagine Dragons,4,Alternative,407605619,5.0,23 juin 2017,Next To Me,94.0,
95,90399,-,Koba LaD,3,Hip-hop/Rap,435692655,-,17 août 2018,La C,95.0,
96,86623,-,Maes,2,Hip-hop/Rap,432847704,-,27 juil. 2018,Billets Verts,96.0,
97,6526854,5,Emeli Sandé,1,Pop,56567320,4.6,10 févr. 2012,"Read All About It, Part III",97.0,
98,70501,8,Måns Zelmerlöw,3,Pop,410647825,4.8,2 déc. 2016,Happyland (Ce Monde Parfait),98.0,
99,24742,140,Eva,3,R&B/Soul,444413126,4.2,26 oct. 2018,Mood,99.0,
100,30774,-,4Keus Gang & Doks,3,Hip-hop/Rap,438559787,-,26 sept. 2018,Polia,100.0,
101,1141534,17,"LSD Feat. Sia, Diplo & Labrinth",3,Pop,416805370,4.8,10 mai 2018,Audio,101.0,
102,2202815,-,Rodrigo Amarante,1,Bandes télé,280647410,-,18 sept. 2015,Tuyo,102.0,
103,531765,20,Little Mix Feat. Nicki Minaj,3,Pop,442009655,4.8,12 oct. 2018,Woman Like Me,103.0,
104,451397,32,Muse,3,Alternative,431364208,2.8,19 juil. 2018,Something Human,104.0,
105,3884290,-,Queen,1,Rock,219959,-,21 nov. 1975,Bohemian Rhapsody,105.0,
106,94175,-,Patrick Watson,4,Alternative,381511576,-,16 nov. 2017,Broken,106.0,
107,26149,-,6ix9ine Feat. Nicki Minaj & Kanye West,3,Hip-hop/Rap,451311659,-,27 nov. 2018,MAMA,107.0,
108,27072,90,Soolking,4,Hip-hop/Rap,443516869,4.3,2 nov. 2018,Vroom Vroom,108.0,
109,7509109,11,4 Non Blondes,4,Rock,2884813,4.9,1 janv. 1992,What's Up?,109.0,
110,43304,106,Patrick Bruel,5,Variété française,440179084,3.2,2 nov. 2018,Tout Recommencer,110.0,
111,79784,-,Kimotion,3,Dance,412157666,-,8 juin 2018,Over That Girl,111.0,
112,47842,-,Billie Eilish,3,Alternative,449101152,-,20 nov. 2018,come out and play,112.0,
113,373774,5,Clean Bandit Feat. Marina and the Diamonds & Luis Fonsi,5,Dance,445112226,4.8,30 nov. 2018,Baby,113.0,
114,9792,-,Banx & Ranx & Zaho Feat. Sean Paul,3,Dance,449041573,-,13 nov. 2018,Ego,114.0,
115,67769,-,Geordie,1,Rock,10472897,-,22 nov. 2010,House Of The Rising Sun,115.0,
116,12286,-,Asakura,2,Hip-hop/Rap,447393977,-,1 nov. 2018,Tekale,116.0,
117,1210866,92,Portishead,4,Électronique,225450,4.6,1 janv. 1994,Glory Box,117.0,
118,1620146,151,Aya Nakamura,3,R&B/Soul,412814005,3.5,2 nov. 2018,DJadja,118.0,
119,1783980,-,Queen,4,Rock,219983,-,10 nov. 1978,Don't Stop Me Now,119.0,
120,23413,5,Aöme,3,Variété française,416471643,5.0,17 mai 2018,Mille Couronnes,120.0,
121,439050,74,Shawn Mendes,4,Pop,410801046,4.8,25 mai 2018,Lost In Japan,121.0,
122,11699762,62,Kaleo,4,Alternative,278319535,4.7,10 juin 2016,Way Down We Go,122.0,
123,795553,298,Vitaa,4,Pop,353240669,4.8,5 mai 2017,Un Peu De Rêve,123.0,
124,6880,-,MurTor,-,-,161812454,-,-,Come And Get Your Love (Remix),124.0,
125,17535831,157,Kungs & Cookin' On 3 Burners,4,Dance,312058991,4.4,4 nov. 2016,This Girl,125.0,
126,1791160,-,Bill Withers,3,Pop,220200,-,1 janv. 1977,Lovely Day,126.0,
127,139964,42,Columbine,1,Hip-hop/Rap,437163837,4.4,28 sept. 2018,Adieu Bientôt,127.0,
128,41991,29,Hornet La Frappe Feat. Ninho,5,Hip-hop/Rap,439318846,3.8,21 sept. 2018,Sheitana,128.0,
129,3409,-,Kalash Criminel,-,-,445106747,-,-,Encore,129.0,
130,8984118,136,LP,3,Alternative,298202984,4.4,9 déc. 2016,Lost On You,130.0,
131,6510362,83,Cardi B & Bad Bunny & J Balvin,4,Hip-hop/Rap,412961240,3.5,6 avr. 2018,I Like It,131.0,
132,37034,-,Meek Mill Feat. Anuel AA & Fabolous,3,Hip-hop/Rap,450848192,-,22 nov. 2018,Uptown Vibes,132.0,
133,1694740,5,Breakbot Feat. Irfane,4,Électronique,52157169,4.8,14 sept. 2012,Baby I'm Yours,133.0,
134,4397969,16,Nickelback,3,Rock,5169818,4.7,11 sept. 2001,How You Remind Me,134.0,
135,238852,-,Anderson .Paak Feat. Kendrick Lamar,4,Hip-hop/Rap,442467403,-,4 oct. 2018,Tints,135.0,
136,2829,-,Ju-L,-,-,446738106,-,-,La Zone En Personne,136.0,
137,10745900,264,The Weeknd Feat. Daft Punk,1,R&B/Soul,335744606,4.7,25 nov. 2016,I Feel It Coming,137.0,
138,4091623,-,Radiohead,1,Alternative,5161533,-,21 sept. 1992,Creep,138.0,
139,68425,-,Boostee,2,R&B/Soul,430989253,-,20 juil. 2018,Nan Nan Nan,139.0,
140,3585458,6,Blackstreet Feat. Dr. Dre,1,R&B/Soul,588416,4.8,1 janv. 1996,No Diggity,140.0,
141,3143518,220,The Avener & Kadebostany,1,Électronique,163045094,4.4,19 janv. 2015,Castle In The Snow,141.0,
142,2520,-,Bertrand Belin,4,Variété française,447911110,-,-,Choses Nouvelles,142.0,
143,1959782,13,Ed Sheeran,4,Pop,342514734,4.5,3 mars 2017,Happier,143.0,
144,688830,-,Joe Cocker,5,Rock,273551,-,7 oct. 1996,You Are So Beautiful,144.0,
145,5450638,-,Toto,2,Rock,459379,-,30 sept. 2003,Africa,145.0,
146,297191,-,Cardi B,3,Hip-hop/Rap,445215624,-,22 oct. 2018,Money,146.0,
147,102247,-,Big Pineapple,2,Dance,426993576,-,29 juin 2018,Another Chance (Don Diablo Edit),147.0,
148,3062,-,Kalash Criminel,-,-,445106741,-,-,La Sacem De Florent Pagny,148.0,
149,179398,25,Véronique Sanson,5,Variété française,45708317,4.0,21 sept. 2018,Chanson Sur Ma Drôle De Vie,149.0,
150,184092,-,Yann Tiersen,3,Pop,40043173,-,3 févr. 2003,Summer 78,150.0,
151,57445,-,Sigala & Ella Eyre,3,Dance,366057872,-,28 juil. 2017,Came Here For Love (Acoustic),151.0,
152,2161375,-,Daddy Yankee,3,Urban latin,403649507,-,18 janv. 2018,Dura,152.0,
153,151723,13,Michael Bublé,4,Pop,442381413,4.8,16 nov. 2018,Love You Anymore,153.0,
154,278828,-,Luis Fonsi & Ozuna,2,Pop en espagnol,443357473,-,19 oct. 2018,Imposible,154.0,
155,59751,54,MHD Feat. Dadju,1,Hip-hop/Rap,437165653,4.6,19 sept. 2018,Bébé,155.0,
156,67004,56,Antony & The Johnsons,3,Alternative,40943911,4.8,1 févr. 2005,You Are My Sister,156.0,
157,54836,-,Tiësto,2,Dance,443282292,-,26 oct. 2018,Grapevine,157.0,
158,36453,18,Vanessa Paradis,2,Variété française,438689037,3.9,14 sept. 2018,Ces Mots Simples,158.0,
159,6481701,-,Coolio Feat. L.V.,1,Hip-hop/Rap,5166927,-,2 oct. 1995,Gangsta's Paradise,159.0,
160,6462,-,QQUN,3,Pop,442988782,-,26 oct. 2018,Ca Ira Mieux,160.0,
161,11455,-,Superfunk,1,House,435215761,-,5 nov. 2018,Chinatown (Original Mix),161.0,
162,1189097,-,Dopebwoy Feat. Chivv & 3robi,3,Hip-hop/Rap,360002308,-,15 déc. 2017,Cartier,162.0,
163,16914,-,Gaël Faye Feat. Flavia Coelho,2,Hip-hop/Rap,442318527,-,2 nov. 2018,Balade Brésilienne,163.0,
164,5597214,-,Foreigner,4,Rock,5884434,-,7 déc. 1984,I Want To Know What Love Is,164.0,
165,5287619,-,Hoobastank,1,Rock,40004674,-,1 janv. 2004,The Reason,165.0,
166,5254825,-,A-Ha,4,Pop,232569,-,1 juin 1985,Take On Me,166.0,
167,9973032,178,Harry Styles,4,Pop,347294701,4.6,12 mai 2017,Sign Of The Times,167.0,
168,752126,311,Ariana Grande,4,Pop,434847442,4.7,17 août 2018,Breathin,168.0,
169,14389,24,Synapson Feat. Holly,4,Électronique,427973548,4.3,22 juin 2018,Build Me Up,169.0,
170,2182459,35,Mariah Carey,3,Fêtes,5919920,4.6,29 oct. 1994,All I Want For Christmas Is You,170.0,
171,18140563,-,John Legend,4,R&B/Soul,89397803,-,30 août 2013,All Of Me,171.0,
172,188238,-,KPoint Feat. Ninho,3,Hip-hop/Rap,433357356,-,30 juil. 2018,Ma 6t A Craqué,172.0,
173,502291,-,DJ 6rb & Bonde R300 Feat. Xang & Mayklove,2,Baile funk,440467832,-,17 sept. 2018,Oh Nanana (Remix),173.0,
174,16202291,293,Ed Sheeran,5,Pop,342514741,4.5,3 mars 2017,Perfect,174.0,
175,1675643,85,Lartiste Feat. Caroliina,4,Hip-hop/Rap,404017423,3.9,23 févr. 2018,Mafiosa,175.0,
176,211831,16,Angèle,3,Variété française,427438467,4.4,20 juin 2018,La Thune,176.0,
177,2499,-,Mac Tyer Feat. Kaaris & Sofiane,-,-,449095508,-,-,Il Se Passe Quoi,177.0,
178,49409,17,KeBlack,1,Hip-hop/Rap,413462347,4.4,11 mai 2018,On Rigolait,178.0,
179,19646,-,Kalash Criminel,-,-,443038467,-,-,Sombre,179.0,
180,85074,503,Orelsan,5,Hip-hop/Rap,377906759,4.5,20 oct. 2017,Paradis,180.0,
181,633110,10,Jonathan Clay,3,Auteur-interprète,64245611,4.2,19 juil. 2012,Heart On Fire,181.0,
182,13541,-,Shake Shake Go,1,Alternative,419241177,-,1 juin 2018,Come Back To Me,182.0,
183,12655,6,I.K (TLF) Feat. Lartiste,3,Variété française,443396233,2.3,19 oct. 2018,Ella,183.0,
184,272893,-,Lewis Capaldi,3,Alternative,343504803,-,16 mai 2017,Bruises,184.0,
185,14324728,17,Portugal. The Man,3,Alternative,342450775,4.0,15 juin 2017,Feel It Still,185.0,
186,15546,-,"Chris Brown, Jeremih, Wiz Khalifa, Ty Dolla $Ign & MihTy",3,R&B/Soul,445065974,-,26 oct. 2018,Surrounded,186.0,
187,496465,-,Starboy,4,Musiques du monde,408195472,-,21 févr. 2018,Socco,187.0,
188,2079,73,"Soprano, Bigflo & Oli & Black M",1,Hip-hop/Rap,445147356,4.3,23 nov. 2018,C'est Que Du Rap,188.0,
189,459894,10,Katie Melua,4,Pop,157480435,4.6,28 août 2015,Wonderful Life,189.0,
190,108491,-,Davina,5,Bande originale,5575864,-,12 août 1997,So Good,190.0,
191,12871738,33,Post Malone Feat. 21 Savage,1,Hip-hop/Rap,374244185,4.7,27 avr. 2018,rockstar,191.0,
192,2411303,12,Midnight Oil,4,Rock,331942,4.6,22 juin 1987,Beds Are Burning,192.0,
193,181262,205,Lady Gaga & Bradley Cooper,1,Bande originale,440807202,4.7,5 oct. 2018,I'll Never Love Again (Film Version),193.0,
194,6120413,-,Timbaland Feat. OneRepublic,1,Hip-hop/Rap,44961393,-,3 avr. 2007,Apologize,194.0,
195,329355,31,Naive New Beaters Feat. Izia,4,Variété française,305314588,4.4,22 juil. 2016,Heal Tomorrow,195.0,
196,12259206,24,Sia,1,Pop,108867060,4.2,4 juil. 2014,Chandelier,196.0,
197,105758,43,Imagine Dragons,5,Alternative,445665371,4.7,9 nov. 2018,Bad Liar,197.0,
198,17616251,13,Ed Sheeran,4,Pop,338965882,4.5,3 mars 2017,Shape Of You,198.0,
199,913981,-,Oliver Cheatham,5,R&B/Soul,574370,-,31 déc. 1988,Get Down Saturday Night,199.0,
200,3018731,11,The Prince Karma,4,Dance,402107013,3.9,15 juin 2018,Later Bitches,0.0,0.0
201,2169854,205,Lady Gaga & Bradley Cooper,1,Bande originale,427101360,4.7,5 oct. 2018,Shallow,1.0,1.0
202,126631,-,Marnik & SMACK,3,Dance,444295408,-,26 oct. 2018,Gam Gam,2.0,2.0
203,160096,-,Reneé Dominique,-,-,448518908,-,-,Somewhere Only We Know,3.0,3.0
204,2756008,-,Redbone,3,Rock,462933,-,1 nov. 1973,Come And Get Your Love,4.0,4.0
205,3322514,23,LSD Feat. Sia & Diplo & Labrinth,3,Pop,434628736,4.5,9 août 2018,Thunderclouds,5.0,5.0
206,234125,133,Angele & Roméo Elvis,4,Variété française,437624347,3.9,5 oct. 2018,Tout Oublier,6.0,6.0
207,3253101,12,George Ezra,3,Auteur-interprète,408576846,4.8,23 mars 2018,Shotgun,7.0,7.0
208,2799284,32,DJ Snake Feat. Selena Gomez & Ozuna & Cardi B,3,Dance,440557235,3.9,28 sept. 2018,Taki Taki,8.0,8.0
209,1258786,-,Bad Bunny Feat. Drake,3,Latino,416737862,-,11 oct. 2018,MIA,9.0,9.0
210,4473264,23,Calvin Harris & Sam Smith,3,Dance,435950080,3.8,17 août 2018,Promises,10.0,10.0
211,3751159,43,Imagine Dragons,5,Alternative,430776855,4.7,9 nov. 2018,Natural,11.0,11.0
212,3286330,-,Dean Lewis,3,Auteur-interprète,428550515,-,29 juin 2018,Be Alright,12.0,12.0
213,815170,34,Trois Cafés Gourmands,4,Variété française,315340265,3.5,5 oct. 2018,À Nos Souvenirs,13.0,13.0
214,724080,-,David Guetta & Bebe Rexha & J Balvin,-,-,438654695,-,-,Say My Name,14.0,14.0
215,346479,22,Amir,1,Variété française,434582314,3.1,27 oct. 2017,Longtemps,15.0,15.0
216,603843,-,Ofenbach Feat. Benjamin Ingrosso,2,Électronique,436997087,-,24 août 2018,Paradise,16.0,16.0
217,364366,34,Dadju,1,R&B/Soul,441465736,4.2,5 oct. 2018,Jaloux,17.0,17.0
218,415434,31,Vitaa & Slimane,1,Pop,437075267,4.2,28 sept. 2018,Je Te Le Donne,18.0,18.0
219,103676,20,Maes Feat. Booba,3,Hip-hop/Rap,444645088,4.0,26 oct. 2018,Madrina,19.0,19.0
220,8294229,12,Dynoro & Gigi D’Agostino,3,Dance,383727904,4.0,15 nov. 2017,In My Mind,20.0,20.0
221,674694,11,Lil Peep & XXXTENTACION,3,Hip-hop/Rap,439560547,4.6,19 sept. 2018,Falling Down,21.0,21.0
222,116133,119,SCH,1,Hip-hop/Rap,443928333,4.4,19 oct. 2018,Le Code,22.0,22.0
223,956121,88,XXXTENTACION,3,Pop,405134063,4.8,16 mars 2018,Moonlight,23.0,23.0
224,1025119,-,Kodak Black Feat. Offset & Travis Scott,3,Hip-hop/Rap,443321905,-,12 oct. 2018,ZEZE,24.0,24.0
225,234727,-,Keanu Silva,3,Dance,431669682,-,27 juil. 2018,Fine Day,25.0,25.0
226,41030,-,Orelsan Feat. Damso,-,-,447492889,-,-,Rêves Bizarres,26.0,26.0
227,352165,10,Soolking,3,Hip-hop/Rap,438520189,4.5,12 sept. 2018,Dalida,27.0,27.0
228,156803,60,RK,5,Hip-hop/Rap,435799506,4.2,21 sept. 2018,Bae,28.0,28.0
229,94408,49,Soprano Feat. Niska,5,Hip-hop/Rap,445954225,3.4,9 nov. 2018,Zoum,29.0,29.0
230,198678,-,Clara Luciani,3,Variété française,384245663,-,6 déc. 2017,La Grenade,30.0,30.0
231,166475,-,Kaïzer Panda Feat. Kelyan Muller,3,Dance,420162954,-,6 juil. 2018,Hum,31.0,31.0
232,1551769,-,Sheck Wes,-,-,374705210,-,-,Mo Bamba,32.0,32.0
233,137069,6,Lomepal Feat. Roméo Elvis,3,Hip-hop/Rap,439216406,4.8,17 sept. 2018,1000°c,33.0,33.0
234,508864,-,Lost Frequencies Feat. The NGHBRS,3,Électronique,436563638,-,14 sept. 2018,Like I Love You,34.0,34.0
235,6829022,11,Maroon 5 Feat. Cardi B,1,Pop,417333490,3.8,3 nov. 2017,Girls Like You,35.0,35.0
236,50075,19,Booba & Bramsito,3,Hip-hop/Rap,446463680,4.2,2 nov. 2018,Sale Mood,36.0,36.0
237,150147,-,Bon Entendeur,3,Variété française,367497694,-,27 juil. 2018,Le Temps Est Bon,37.0,37.0
238,946892,-,Gaullin,2,Pop,427958367,-,7 sept. 2018,Moonlight,38.0,38.0
239,4791254,6,Juice WRLD,4,Hip-hop/Rap,407592725,4.5,23 mai 2018,Lucid Dreams,39.0,39.0
240,2815562,-,Marshmello & Bastille,3,Dance,435160184,-,17 août 2018,Happier,40.0,40.0
241,526710,7,Diva Faune Feat. Léa Paci,3,Pop,417547217,5.0,25 mai 2018,Get Up (French Edit),41.0,41.0
242,339447,-,SHAED,1,Pop,414883687,-,21 sept. 2018,Trampoline,42.0,42.0
243,3348990,-,"Benny Blanco, Halsey & Khalid",2,Pop,429946780,-,13 juil. 2018,Eastside,43.0,43.0
244,253222,25,Suprême NTM & Sofiane,3,Hip-hop/Rap,439164311,4.8,14 sept. 2018,Sur Le Drapeau,44.0,44.0
245,2743190,16,Panic! At The Disco,3,Alternative,418888835,4.5,22 juin 2018,High Hopes,45.0,45.0
246,101843,108,Jain,3,Pop,429024275,3.6,24 août 2018,Oh Man,46.0,46.0
247,354690,29,Ariana Grande,3,Pop,447549756,4.9,3 nov. 2018,"thank u, next",47.0,47.0
248,909537,-,Ava Max,3,Pop,420368420,-,17 août 2018,Sweet But Psycho,48.0,48.0
249,511537,7,XXXTENTACION & Lil Pump Feat. Swae Lee & Maluma,3,Hip-hop/Rap,434179154,5.0,25 oct. 2018,Arms Around You,49.0,49.0
250,10833216,223,The Weeknd,1,R&B/Soul,267041500,4.7,28 août 2015,The Hills,50.0,50.0
251,202240,33,Maître Gims,2,Hip-hop/Rap,409690904,3.3,24 août 2018,Le Pire,51.0,51.0
252,169569,29,Hornet La Frappe Feat. Lacrim,5,Hip-hop/Rap,439318839,3.8,21 sept. 2018,Rolls,52.0,52.0
253,850909,-,Kris Kross Amsterdam & The Boy Next Door Feat. Conor Maynard,2,Dance,426805450,-,22 juin 2018,Whenever,53.0,53.0
254,501054,-,Black Coffee & David Guetta Feat. Delilah Montagu,7,Dance,435315264,-,24 août 2018,Drive (Edit),54.0,54.0
255,173833,30,The Blaze,3,Électronique,428184648,4.0,7 sept. 2018,She,55.0,55.0
256,41868,73,Bigflo & Oli,1,Hip-hop/Rap,445147332,4.3,23 nov. 2018,Plus Tard,56.0,56.0
257,231832,-,Lude Feat. Trevor De Verteuil,3,Dance,411299043,-,6 avr. 2018,Missing You,57.0,57.0
258,66285,23,Boulevard Des Airs,3,Variété française,428476235,3.0,31 août 2018,Tout Le Temps,58.0,58.0
259,1183376,-,Zedd & Elley Duhé,3,Dance,430330972,-,18 juil. 2018,Happy Now,59.0,59.0
260,490122,54,MHD Feat. WizKid,1,Hip-hop/Rap,431617435,4.6,19 sept. 2018,Bella,60.0,60.0
261,1409384,6,Jason Derulo & David Guetta feat. Nicki Minaj & Willy William,3,Pop,436156821,5.0,24 août 2018,Goodbye,61.0,61.0
262,12059,69,Gringe Feat. Léa Castel,5,Hip-hop/Rap,443350218,4.7,2 nov. 2018,Scanner,62.0,62.0
263,366374,-,Jacob Banks,5,R&B/Soul,373958382,-,2 nov. 2018,Unknown (To You),63.0,63.0
264,1184113,-,Kanye West & Lil Pump,2,Hip-hop/Rap,438720646,-,6 sept. 2018,I Love It,64.0,64.0
265,1106386,-,Fisher,4,Dance,429392474,-,13 juil. 2018,Losing It,65.0,65.0
266,3504538,74,Shawn Mendes,4,Pop,410661491,4.8,25 mai 2018,In My Blood,66.0,66.0
267,21668,-,Ridsa Feat. Eva Guess,3,Variété française,441424734,-,5 oct. 2018,On S'est Manqué,67.0,67.0
268,1034186,108,Jain,3,Pop,419738945,3.6,24 août 2018,Alright,68.0,68.0
269,72021,48,PLK,4,Hip-hop/Rap,437107209,4.6,5 oct. 2018,Monégasque (Explicit),69.0,69.0
270,100085,197,Louane,4,Variété française,377429416,3.9,10 nov. 2017,Midi Sur Novembre,70.0,70.0
271,29215,151,Aya Nakamura Feat. Niska,3,R&B/Soul,445146936,3.5,2 nov. 2018,Sucette,71.0,71.0
272,5552398,26,5 Seconds Of Summer,5,Pop,413103901,4.5,15 juin 2018,Youngblood,72.0,72.0
273,91942,135,Kendji Girac,4,Variété française,433217135,3.6,31 août 2018,Tiago,73.0,73.0
274,32747,48,Youssoupha,4,Hip-hop/Rap,434336109,4.5,28 sept. 2018,Par Amour,74.0,74.0
275,2162857,-,Kygo & Imagine Dragons,3,Pop,427660020,-,15 juin 2018,Born To Be Yours,75.0,75.0
276,4207863,-,Loud Luxury Feat. Brando,4,Dance,378918899,-,20 juil. 2018,Body,76.0,76.0
277,300429,151,Aya Nakamura,3,R&B/Soul,437075280,3.5,2 nov. 2018,Copines,77.0,77.0
278,9348,-,Imen Es,-,-,449901842,-,-,Attentat,78.0,78.0
279,868816,-,Post Malone & Swae Lee,2,Bande originale,442173657,-,18 oct. 2018,Sunflower (Spider-Man: Into the Spider-Verse),79.0,79.0
280,716295,74,Shawn Mendes & Zedd,4,Pop,441014449,4.8,25 mai 2018,Lost In Japan (Remix),80.0,80.0
281,247545,-,Dimitri Vegas & Like Mike & KSHMR,3,Dance,431962383,-,22 juil. 2018,Opa,81.0,81.0
282,132831,-,Sia,4,Pop,442686834,-,12 oct. 2018,I'm Still Here,82.0,82.0
283,491315,-,Lee Mashup Feat. Stone Warley & Co,1,Dance,113711910,-,1 juin 2015,Hum Connection,83.0,83.0
284,3015085,-,"Nicky Jam, Ozuna, Darell, Nio Garcia, Bad Bunny & Casper Magico",6,Urban latin,413052016,-,13 avr. 2018,Te Boté (Remix),84.0,84.0
285,68956,60,Koba LaD,4,Hip-hop/Rap,441078995,3.7,28 sept. 2018,Chambre 122,85.0,85.0
286,10434402,50,ZAYN Feat. Sia,4,Pop,373440437,4.7,8 sept. 2017,Dusk Till Dawn,86.0,86.0
287,262813,37,Jérémy Frerot,3,Variété française,429702613,3.6,12 oct. 2018,Revoir,87.0,87.0
288,1765884,-,Armin Van Buuren,3,Dance,419208135,-,18 mai 2018,Blah Blah Blah,88.0,88.0
289,47024,-,"LSD Feat. Sia, Diplo & Labrinth",3,Pop,444318233,-,26 oct. 2018,Thunderclouds (Lost Frequencies Remix),89.0,89.0
290,1011378,-,Kanye West Feat. Dwele,5,Hip-hop/Rap,45225229,-,11 sept. 2007,Flashing Lights,90.0,90.0
291,23151,-,Sound Of Legend,2,Dance,443938741,-,9 nov. 2018,Hold That Sucker Down (Vocal Mix),91.0,91.0
292,8941343,21,Clean Bandit Feat. Demi Lovato,3,Dance,416888150,4.7,18 mai 2018,Solo,92.0,92.0
293,2981733,-,Jonas Blue Feat. Jack & Jack,4,Dance,417811071,-,9 nov. 2018,Rise,93.0,93.0
294,1914770,18,6IX9INE Feat. Nicki Minaj & Murda Beatz,2,Hip-hop/Rap,427230040,4.6,22 juil. 2018,FEFE,94.0,94.0
295,924696,80,Hoshi,4,Variété française,383639793,4.0,23 mars 2018,Ta Marinière,95.0,95.0
296,36356,44,Dosseh,5,Hip-hop/Rap,428882462,4.2,6 juil. 2018,A Chaque Jour.,96.0,96.0
297,26079,151,Aya Nakamura,3,R&B/Soul,445146938,3.5,2 nov. 2018,La Dot,97.0,97.0
298,54510,-,6ix9ine Feat. Tory Lanez,3,Hip-hop/Rap,448238590,-,27 nov. 2018,KIKA,98.0,98.0
299,409434,8,Måns Zelmerlöw,3,Pop,335296072,4.8,2 déc. 2016,Happyland,99.0,99.0
